TABLE_NAME	ORDINAL_POSITION	COLUMN_NAME	COLUMN_TYPE	IS_NULLABLE	COLUMN_KEY	EXTRA
accounts_payable	1	id	int(11)	NO		
accounts_payable	2	customer_id	varchar(500)	YES		
accounts_payable	3	customer_name	varchar(500)	YES		
accounts_payable	4	ap_no	varchar(255)	YES		
accounts_payable	5	date_added	datetime	YES		
accounts_payable	6	user_name	varchar(500)	YES		
accounts_payable	7	amount	double	YES		
accounts_payable	8	discount_amount	double	YES		
accounts_payable	9	discount_rate	double	YES		
accounts_payable	10	discount	varchar(500)	YES		
accounts_payable	11	status	int(11)	YES		
accounts_payable	12	term	double	YES		
accounts_payable	13	date_applied	date	YES		
accounts_payable	14	paid	double	YES		
accounts_payable	15	date_paid	date	YES		
accounts_payable	16	remarks	varchar(500)	YES		
accounts_payable	17	type	varchar(500)	YES		
accounts_payable	18	reference_no	varchar(255)	YES		
accounts_payable	19	user_id	varchar(255)	YES		
accounts_payable	20	user_screen_name	varchar(255)	YES		
accounts_payable	21	branch	varchar(255)	YES		
accounts_payable	22	branch_id	varchar(255)	YES		
accounts_payable	23	location	varchar(255)	YES		
accounts_payable	24	location_id	varchar(255)	YES		
accounts_payable_payments	1	id	int(11)	NO		
accounts_payable_payments	2	customer_id	varchar(500)	YES		
accounts_payable_payments	3	customer_name	varchar(500)	YES		
accounts_payable_payments	4	ap_no	varchar(255)	YES		
accounts_payable_payments	5	date_added	datetime	YES		
accounts_payable_payments	6	user_name	varchar(500)	YES		
accounts_payable_payments	7	amount	double	YES		
accounts_payable_payments	8	discount_amount	double	YES		
accounts_payable_payments	9	discount_rate	double	YES		
accounts_payable_payments	10	discount	varchar(500)	YES		
accounts_payable_payments	11	status	int(11)	YES		
accounts_payable_payments	12	term	double	YES		
accounts_payable_payments	13	date_applied	date	YES		
accounts_payable_payments	14	paid	double	YES		
accounts_payable_payments	15	date_paid	date	YES		
accounts_payable_payments	16	remarks	varchar(500)	YES		
accounts_payable_payments	17	type	varchar(500)	YES		
accounts_payable_payments	18	or_no	varchar(500)	YES		
accounts_payable_payments	19	prev_balance	double	YES		
accounts_payable_payments	20	reference_no	varchar(255)	YES		
accounts_payable_payments	21	check_amount	double	YES		
accounts_payable_payments	22	check_holder	varchar(255)	YES		
accounts_payable_payments	23	check_bank	varchar(255)	YES		
accounts_payable_payments	24	check_no	varchar(255)	YES		
accounts_payable_payments	25	check_date	date	YES		
accounts_payable_payments	26	user_id	varchar(255)	YES		
accounts_payable_payments	27	user_screen_name	varchar(255)	YES		
accounts_payable_payments	28	wtax	double	YES		
accounts_payable_payments	29	tax_rate	double	YES		
accounts_payable_payments	30	tax_amount	double	YES		
accounts_payable_payments	31	branch	varchar(255)	YES		
accounts_payable_payments	32	branch_id	varchar(255)	YES		
accounts_payable_payments	33	location	varchar(255)	YES		
accounts_payable_payments	34	location_id	varchar(255)	YES		
accounts_receivable	1	id	int(11)	NO	PRI	auto_increment
accounts_receivable	2	customer_id	varchar(100)	YES		
accounts_receivable	3	customer_name	varchar(100)	YES		
accounts_receivable	4	ar_no	varchar(100)	YES	UNI	
accounts_receivable	5	date_added	datetime	YES		
accounts_receivable	6	user_name	varchar(100)	YES		
accounts_receivable	7	amount	double	YES		
accounts_receivable	8	discount_amount	double	YES		
accounts_receivable	9	discount_rate	double	YES		
accounts_receivable	10	discount	varchar(100)	YES		
accounts_receivable	11	status	int(11)	YES		
accounts_receivable	12	term	double	YES		
accounts_receivable	13	date_applied	date	YES		
accounts_receivable	14	paid	double	YES		
accounts_receivable	15	date_paid	date	YES		
accounts_receivable	16	remarks	varchar(100)	YES		
accounts_receivable	17	type	varchar(100)	YES		
accounts_receivable	18	or_no	varchar(100)	YES		
accounts_receivable	19	ci_no	varchar(100)	YES		
accounts_receivable	20	trust_receipt	varchar(100)	YES		
accounts_receivable	21	soa_id	varchar(100)	YES		
accounts_receivable	22	soa_type	varchar(100)	YES		
accounts_receivable	23	soa_type_id	varchar(100)	YES		
accounts_receivable	24	reference_no	varchar(100)	YES		
accounts_receivable	25	user_id	varchar(1000)	YES		
accounts_receivable	26	user_screen_name	varchar(1000)	YES		
accounts_receivable	27	branch	varchar(100)	YES		
accounts_receivable	28	branch_id	varchar(100)	YES		
accounts_receivable	29	location	varchar(100)	YES		
accounts_receivable	30	location_id	varchar(100)	YES		
accounts_receivable_payments	1	id	int(11)	NO	PRI	auto_increment
accounts_receivable_payments	2	customer_id	varchar(500)	YES		
accounts_receivable_payments	3	customer_name	varchar(500)	YES		
accounts_receivable_payments	4	ar_no	varchar(500)	YES		
accounts_receivable_payments	5	date_added	datetime	YES		
accounts_receivable_payments	6	user_name	varchar(500)	YES		
accounts_receivable_payments	7	amount	double	YES		
accounts_receivable_payments	8	discount_amount	double	YES		
accounts_receivable_payments	9	discount_rate	double	YES		
accounts_receivable_payments	10	discount	varchar(500)	YES		
accounts_receivable_payments	11	status	int(11)	YES		
accounts_receivable_payments	12	term	double	YES		
accounts_receivable_payments	13	date_applied	date	YES		
accounts_receivable_payments	14	paid	double	YES		
accounts_receivable_payments	15	date_paid	date	YES		
accounts_receivable_payments	16	remarks	varchar(500)	YES		
accounts_receivable_payments	17	type	varchar(500)	YES		
accounts_receivable_payments	18	or_no	varchar(500)	YES		
accounts_receivable_payments	19	prev_balance	double	YES		
accounts_receivable_payments	20	check_amount	double	YES		
accounts_receivable_payments	21	check_holder	varchar(100)	YES		
accounts_receivable_payments	22	check_bank	varchar(100)	YES		
accounts_receivable_payments	23	check_no	varchar(100)	YES		
accounts_receivable_payments	24	ci_no	varchar(100)	YES		
accounts_receivable_payments	25	trust_receipt	varchar(100)	YES		
accounts_receivable_payments	26	or_payment_no	varchar(100)	YES		
accounts_receivable_payments	27	soa_id	varchar(100)	YES		
accounts_receivable_payments	28	soa_type	varchar(100)	YES		
accounts_receivable_payments	29	soa_type_id	varchar(100)	YES		
accounts_receivable_payments	30	reference_no	varchar(100)	YES		
accounts_receivable_payments	31	check_date	date	YES		
accounts_receivable_payments	32	user_id	varchar(1000)	YES		
accounts_receivable_payments	33	user_screen_name	varchar(1000)	YES		
accounts_receivable_payments	34	wtax	double	YES		
accounts_receivable_payments	35	tax_rate	double	YES		
accounts_receivable_payments	36	tax_amount	double	YES		
accounts_receivable_payments	37	branch	varchar(100)	YES		
accounts_receivable_payments	38	branch_id	varchar(100)	YES		
accounts_receivable_payments	39	location	varchar(100)	YES		
accounts_receivable_payments	40	location_id	varchar(100)	YES		
accounts_receivable_payments	41	prepaid_customer_name	varchar(255)	YES		
accounts_receivable_payments	42	prepaid_customer_id	varchar(255)	YES		
accounts_receivable_payments	43	prepaid_amount	double	YES		
accounts_receivable_payments	44	credit_card_type	varchar(255)	YES		
accounts_receivable_payments	45	credit_card_rate	double	YES		
accounts_receivable_payments	46	credit_card_no	varchar(255)	YES		
accounts_receivable_payments	47	credit_card_holder	varchar(255)	YES		
accounts_receivable_payments	48	credit_card_amount	double	YES		
accounts_receivable_payments	49	gift_certificate_from	varchar(255)	YES		
accounts_receivable_payments	50	gift_certificate_description	varchar(255)	YES		
accounts_receivable_payments	51	gift_certificate_no	varchar(255)	YES		
accounts_receivable_payments	52	gift_certificate_amount	double	YES		
accounts_receivable_payments	53	online_bank	varchar(255)	YES		
accounts_receivable_payments	54	online_reference_no	varchar(255)	YES		
accounts_receivable_payments	55	online_holder	varchar(255)	YES		
accounts_receivable_payments	56	online_date	date	YES		
accounts_receivable_payments	57	online_amount	double	YES		
accounts_receivable_payments	58	actual_amount	double	YES		
accounts_receivable_payments	59	retention	double	YES		
accounts_receivable_payments	60	business_tax	double	YES		
accounts_receivable_payments	61	salary_deduction	double	YES		
accounts_receivable_series_nos	1	id	int(11)	NO	PRI	auto_increment
accounts_receivable_series_nos	2	series_no	varchar(100)	YES		
accounts_receivable_types	1	id	int(11)	NO	PRI	auto_increment
accounts_receivable_types	2	type_name	varchar(100)	YES		
adjustments	1	id	int(11)	NO	PRI	auto_increment
adjustments	2	item_code	varchar(100)	YES		
adjustments	3	barcode	varchar(100)	YES		
adjustments	4	description	varchar(100)	YES		
adjustments	5	qty	double	YES		
adjustments	6	new_qty	double	YES		
adjustments	7	is_add	int(11)	YES		
adjustments	8	date_added	datetime	YES		
adjustments	9	status	int(11)	YES		
adjustments	10	user_id	varchar(100)	YES		
adjustments	11	user_screen_name	varchar(100)	YES		
adjustments	12	branch	varchar(100)	YES		
adjustments	13	branch_id	varchar(100)	YES		
adjustments	14	location	varchar(100)	YES		
adjustments	15	location_id	varchar(100)	YES		
adjustments	16	remarks	text	YES		
adjustments	17	transaction_no	varchar(100)	YES		
ar_ledger	1	id	int(11)	NO	PRI	auto_increment
ar_ledger	2	date	varchar(100)	YES		
ar_ledger	3	transaction_no	varchar(100)	YES		
ar_ledger	4	or_no	varchar(100)	YES		
ar_ledger	5	amount	double	YES		
ar_ledger	6	payment	double	YES		
ar_ledger	7	balance	double	YES		
banks	1	id	int(11)	NO	PRI	auto_increment
banks	2	bank_name	varchar(100)	YES		
barcodes	1	id	int(11)	NO	PRI	auto_increment
barcodes	2	barcode	varchar(100)	YES		
barcodes	3	serial_no	varchar(1000)	YES		
barcodes	4	batch_no	varchar(100)	YES		
borrower_slips	1	id	int(11)	NO	PRI	auto_increment
borrower_slips	2	user_id	varchar(100)	YES		
borrower_slips	3	user_screen_name	varchar(100)	YES		
borrower_slips	4	date_added	datetime	YES		
borrower_slips	5	bs_no	varchar(100)	YES		
borrower_slips	6	reference_no	varchar(100)	YES		
borrower_slips	7	items_borrowed	double	YES		
borrower_slips	8	items_returned	double	YES		
borrower_slips	9	borrowed_by	varchar(100)	YES		
borrower_slips	10	borrowed_by_id	varchar(100)	YES		
borrower_slips	11	borrowed_by_department	varchar(100)	YES		
borrower_slips	12	borrowed_by_department_id	varchar(100)	YES		
borrower_slips	13	status	int(11)	YES		
borrower_slips	14	from_branch	varchar(100)	YES		
borrower_slips	15	from_branch_id	varchar(100)	YES		
borrower_slips	16	from_location	varchar(100)	YES		
borrower_slips	17	from_location_id	varchar(100)	YES		
borrower_slips	18	to_branch	varchar(100)	YES		
borrower_slips	19	to_branch_id	varchar(100)	YES		
borrower_slips	20	to_location	varchar(100)	YES		
borrower_slips	21	to_location_id	varchar(100)	YES		
borrower_slips	22	remarks	text	YES		
borrower_slip_items	1	id	int(11)	NO	PRI	auto_increment
borrower_slip_items	2	user_id	varchar(100)	YES		
borrower_slip_items	3	user_screen_name	varchar(100)	YES		
borrower_slip_items	4	date_added	datetime	YES		
borrower_slip_items	5	bs_no	varchar(100)	YES		
borrower_slip_items	6	reference_no	varchar(100)	YES		
borrower_slip_items	7	borrowed_by	varchar(100)	YES		
borrower_slip_items	8	borrowed_by_id	varchar(100)	YES		
borrower_slip_items	9	borrowed_by_department	varchar(100)	YES		
borrower_slip_items	10	borrowed_by_department_id	varchar(100)	YES		
borrower_slip_items	11	status	int(11)	YES		
borrower_slip_items	12	from_branch	varchar(100)	YES		
borrower_slip_items	13	from_branch_id	varchar(100)	YES		
borrower_slip_items	14	from_location	varchar(100)	YES		
borrower_slip_items	15	from_location_id	varchar(100)	YES		
borrower_slip_items	16	to_branch	varchar(100)	YES		
borrower_slip_items	17	to_branch_id	varchar(100)	YES		
borrower_slip_items	18	to_location	varchar(100)	YES		
borrower_slip_items	19	to_location_id	varchar(100)	YES		
borrower_slip_items	20	remarks	text	YES		
borrower_slip_items	21	barcode	varchar(100)	YES		
borrower_slip_items	22	description	varchar(100)	YES		
borrower_slip_items	23	generic_name	varchar(100)	YES		
borrower_slip_items	24	category	varchar(100)	YES		
borrower_slip_items	25	category_id	varchar(100)	YES		
borrower_slip_items	26	classification	varchar(100)	YES		
borrower_slip_items	27	classification_id	varchar(100)	YES		
borrower_slip_items	28	sub_classification	varchar(100)	YES		
borrower_slip_items	29	sub_classification_id	varchar(100)	YES		
borrower_slip_items	30	product_qty	double	YES		
borrower_slip_items	31	unit	varchar(100)	YES		
borrower_slip_items	32	conversion	double	YES		
borrower_slip_items	33	selling_price	double	YES		
borrower_slip_items	34	item_type	varchar(100)	YES		
borrower_slip_items	35	supplier	varchar(100)	YES		
borrower_slip_items	36	fixed_price	int(11)	YES		
borrower_slip_items	37	cost	double	YES		
borrower_slip_items	38	supplier_id	varchar(100)	YES		
borrower_slip_items	39	multi_level_pricing	int(11)	YES		
borrower_slip_items	40	vatable	int(11)	YES		
borrower_slip_items	41	reorder_level	double	YES		
borrower_slip_items	42	markup	double	YES		
borrower_slip_items	43	main_barcode	varchar(100)	YES		
borrower_slip_items	44	brand	varchar(100)	YES		
borrower_slip_items	45	brand_id	varchar(100)	YES		
borrower_slip_items	46	model	varchar(100)	YES		
borrower_slip_items	47	model_id	varchar(100)	YES		
borrower_slip_items	48	selling_type	varchar(100)	YES		
borrower_slip_items	49	serial_no	varchar(100)	YES		
borrower_slip_items	50	qty_borrowed	double	YES		
borrower_slip_items	51	qty_returned	double	YES		
branches	1	id	int(11)	NO	PRI	auto_increment
branches	2	code	varchar(100)	YES		
branches	3	branch	varchar(100)	YES		
branches	4	address	varchar(100)	YES		
branches	5	status	int(11)	YES		
branch_locations	1	id	int(11)	NO	PRI	auto_increment
branch_locations	2	branch	varchar(100)	YES		
branch_locations	3	branch_id	varchar(100)	YES		
branch_locations	4	code	varchar(100)	YES		
branch_locations	5	location	varchar(100)	YES		
branch_locations	6	type	varchar(100)	YES		
branch_locations	7	status	int(11)	YES		
cash_drawer	1	id	int(11)	NO	PRI	auto_increment
cash_drawer	2	session_no	varchar(100)	YES		
cash_drawer	3	user_name	varchar(100)	YES		
cash_drawer	4	screen_name	varchar(100)	YES		
cash_drawer	5	time_in	datetime	YES		
cash_drawer	6	time_out	datetime	YES		
cash_drawer	7	amount	double	YES		
cash_drawer	8	cash_out	double	YES		
cash_drawer	9	thousand	double	YES		
cash_drawer	10	five_hundred	double	YES		
cash_drawer	11	two_hundred	double	YES		
cash_drawer	12	fifty	double	YES		
cash_drawer	13	twenty	double	YES		
cash_drawer	14	coins	double	YES		
cash_drawer	15	one_hundred	double	YES		
cash_drawer	16	expenses	double	YES		
cash_drawer	17	ten	double	YES		
cash_drawer	18	five	double	YES		
cash_drawer	19	one	double	YES		
cash_drawer	20	point_five	double	YES		
cash_drawer	21	point_two_five	double	YES		
cash_drawer	22	point_ten	double	YES		
cash_drawer	23	point_zero_five	double	YES		
cash_drawer	24	branch	varchar(100)	YES		
cash_drawer	25	branch_id	varchar(100)	YES		
cash_drawer	26	location	varchar(100)	YES		
cash_drawer	27	location_id	varchar(100)	YES		
cash_drawer	28	user_id	varchar(100)	YES		
cash_drawer	29	user_screen_name	varchar(100)	YES		
cash_drawer	30	lock_session	int(11)	YES		
cash_drawer_accounts_receivables	1	id	int(11)	NO	PRI	auto_increment
cash_drawer_accounts_receivables	2	user_id	varchar(1000)	YES		
cash_drawer_accounts_receivables	3	user_screen_name	varchar(1000)	YES		
cash_drawer_accounts_receivables	4	date_added	datetime	YES		
cash_drawer_accounts_receivables	5	charge_type_id	varchar(1000)	YES		
cash_drawer_accounts_receivables	6	charge_type	varchar(1000)	YES		
cash_drawer_accounts_receivables	7	reference_no	varchar(1000)	YES		
cash_drawer_accounts_receivables	8	customer_id	varchar(1000)	YES		
cash_drawer_accounts_receivables	9	customer_name	varchar(1000)	YES		
cash_drawer_accounts_receivables	10	cash_amount	double	YES		
cash_drawer_accounts_receivables	11	cheque_amount	double	YES		
cash_drawer_accounts_receivables	12	check_holder	varchar(1000)	YES		
cash_drawer_accounts_receivables	13	cheque_bank	varchar(1000)	YES		
cash_drawer_accounts_receivables	14	cheque_no	varchar(1000)	YES		
cash_drawer_accounts_receivables	15	cheque_date	date	YES		
cash_drawer_checks	1	id	int(11)	NO	PRI	auto_increment
cash_drawer_checks	2	session_no	varchar(100)	YES		
cash_drawer_checks	3	user_name	varchar(100)	YES		
cash_drawer_checks	4	screen_name	varchar(100)	YES		
cash_drawer_checks	5	time_in	datetime	YES		
cash_drawer_checks	6	time_out	datetime	YES		
cash_drawer_checks	7	bank	varchar(100)	YES		
cash_drawer_checks	8	check_no	varchar(100)	YES		
cash_drawer_checks	9	check_holder	varchar(100)	YES		
cash_drawer_checks	10	amount	double	YES		
cash_drawer_cheques	1	id	int(11)	NO	PRI	auto_increment
cash_drawer_cheques	2	user_id	varchar(1000)	YES		
cash_drawer_cheques	3	user_screen_name	varchar(1000)	YES		
cash_drawer_cheques	4	date_added	datetime	YES		
cash_drawer_cheques	5	cheque_holder	varchar(1000)	YES		
cash_drawer_cheques	6	cheque_bank	varchar(1000)	YES		
cash_drawer_cheques	7	cheque_no	varchar(1000)	YES		
cash_drawer_cheques	8	cheque_amount	double	YES		
cash_drawer_cheques	9	cheque_date	date	YES		
cash_drawer_credit_cards	1	id	int(11)	NO	PRI	auto_increment
cash_drawer_credit_cards	2	user_id	varchar(1000)	YES		
cash_drawer_credit_cards	3	user_screen_name	varchar(1000)	YES		
cash_drawer_credit_cards	4	date_added	datetime	YES		
cash_drawer_credit_cards	5	credit_card_type	varchar(1000)	YES		
cash_drawer_credit_cards	6	credit_card_rate	double	YES		
cash_drawer_credit_cards	7	credit_card_amount	double	YES		
cash_drawer_credit_cards	8	credit_card_no	varchar(1000)	YES		
cash_drawer_credit_cards	9	credit_card_holder	varchar(1000)	YES		
cash_drawer_credit_cards	10	credit_card_approval_code	varchar(1000)	YES		
cash_drawer_expenses	1	id	int(11)	NO	PRI	auto_increment
cash_drawer_expenses	2	session_no	varchar(500)	YES		
cash_drawer_expenses	3	user_name	varchar(500)	YES		
cash_drawer_expenses	4	screen_name	varchar(500)	YES		
cash_drawer_expenses	5	time_in	datetime	YES		
cash_drawer_expenses	6	time_out	datetime	YES		
cash_drawer_expenses	7	bank	varchar(500)	YES		
cash_drawer_expenses	8	check_no	varchar(500)	YES		
cash_drawer_expenses	9	check_holder	varchar(500)	YES		
cash_drawer_expenses	10	amount	double	YES		
cash_drawer_expenses	11	date_added	datetime	YES		
cash_drawer_gift_certificates	1	id	int(11)	NO	PRI	auto_increment
cash_drawer_gift_certificates	2	user_id	varchar(1000)	YES		
cash_drawer_gift_certificates	3	user_screen_name	varchar(1000)	YES		
cash_drawer_gift_certificates	4	date_added	datetime	YES		
cash_drawer_gift_certificates	5	gc_from	varchar(1000)	YES		
cash_drawer_gift_certificates	6	gc_description	varchar(1000)	YES		
cash_drawer_gift_certificates	7	gc_no	varchar(1000)	YES		
cash_drawer_gift_certificates	8	amount	double	YES		
cash_drawer_last_remittances	1	id	int(11)	NO	PRI	auto_increment
cash_drawer_last_remittances	2	user_id	varchar(100)	YES		
cash_drawer_last_remittances	3	user_screen_name	varchar(100)	YES		
cash_drawer_last_remittances	4	date_added	datetime	YES		
cash_drawer_last_remittances	5	status	int(11)	YES		
cash_drawer_last_remittances	6	amount	double	YES		
cash_drawer_last_remittances	7	branch	varchar(100)	YES		
cash_drawer_last_remittances	8	branch_id	varchar(100)	YES		
cash_drawer_last_remittances	9	location	varchar(100)	YES		
cash_drawer_last_remittances	10	location_id	varchar(100)	YES		
cash_drawer_prepaids	1	id	int(11)	NO	PRI	auto_increment
cash_drawer_prepaids	2	user_id	varchar(1000)	YES		
cash_drawer_prepaids	3	user_screen_name	varchar(1000)	YES		
cash_drawer_prepaids	4	date_added	datetime	YES		
cash_drawer_prepaids	5	customer_name	varchar(1000)	YES		
cash_drawer_prepaids	6	customer_id	varchar(1000)	YES		
cash_drawer_prepaids	7	cash_amount	double	YES		
cash_drawer_prepaids	8	cheque_amount	double	YES		
cash_drawer_prepaids	9	cheque_holder	varchar(1000)	YES		
cash_drawer_prepaids	10	cheque_bank	varchar(1000)	YES		
cash_drawer_prepaids	11	cheque_no	varchar(1000)	YES		
cash_drawer_prepaids	12	cheque_date	date	YES		
cash_drawer_remittances	1	id	int(11)	NO	PRI	auto_increment
cash_drawer_remittances	2	user_id	varchar(1000)	YES		
cash_drawer_remittances	3	user_screen_name	varchar(1000)	YES		
cash_drawer_remittances	4	date_added	datetime	YES		
cash_drawer_remittances	5	cash_amount	double	YES		
cash_drawer_remittances	6	cheque_amount	double	YES		
cash_drawer_remittances	7	cheque_holder	varchar(1000)	YES		
cash_drawer_remittances	8	cheque_bank	varchar(1000)	YES		
cash_drawer_remittances	9	cheque_no	varchar(1000)	YES		
cash_drawer_remittances	10	cheque_date	date	YES		
cash_drawer_remittances	11	status	int(11)	YES		
cash_drawer_remittances	12	branch	varchar(100)	YES		
cash_drawer_remittances	13	branch_id	varchar(100)	YES		
cash_drawer_remittances	14	location	varchar(100)	YES		
cash_drawer_remittances	15	location_id	varchar(100)	YES		
cash_drawer_tips	1	id	int(11)	NO	PRI	auto_increment
cash_drawer_tips	2	user_id	varchar(100)	YES		
cash_drawer_tips	3	user_screen_name	varchar(100)	YES		
cash_drawer_tips	4	date_added	datetime	YES		
cash_drawer_tips	5	cash_amount	double	YES		
categories	1	id	int(11)	NO	PRI	auto_increment
categories	2	code	varchar(100)	YES		
categories	3	name	varchar(100)	YES		
charge_in_advance	1	id	int(11)	NO	PRI	auto_increment
charge_in_advance	2	customer_id	varchar(100)	YES		
charge_in_advance	3	customer_name	varchar(100)	YES		
charge_in_advance	4	ar_id	varchar(100)	YES		
charge_in_advance	5	ar_no	varchar(100)	YES		
charge_in_advance	6	date_applied	date	YES		
charge_in_advance	7	reference_no	varchar(100)	YES		
charge_in_advance	8	soa_type	varchar(100)	YES		
charge_in_advance	9	soa_type_id	varchar(100)	YES		
charge_in_advance	10	remarks	text	YES		
charge_in_advance	11	status	int(11)	YES		
charge_in_advance	12	user_id	varchar(100)	YES		
charge_in_advance	13	user_screen_name	varchar(100)	YES		
charge_in_advance	14	branch	varchar(100)	YES		
charge_in_advance	15	branch_id	varchar(100)	YES		
charge_in_advance	16	location	varchar(100)	YES		
charge_in_advance	17	location_id	varchar(100)	YES		
charge_in_advance_cancelled_items	1	id	int(11)	NO	PRI	auto_increment
charge_in_advance_cancelled_items	2	customer_id	varchar(100)	YES		
charge_in_advance_cancelled_items	3	customer_name	varchar(100)	YES		
charge_in_advance_cancelled_items	4	ar_id	varchar(100)	YES		
charge_in_advance_cancelled_items	5	ar_no	varchar(100)	YES		
charge_in_advance_cancelled_items	6	date_applied	date	YES		
charge_in_advance_cancelled_items	7	reference_no	varchar(100)	YES		
charge_in_advance_cancelled_items	8	soa_type	varchar(100)	YES		
charge_in_advance_cancelled_items	9	soa_type_id	varchar(1000)	YES		
charge_in_advance_cancelled_items	10	user_screen_name	varchar(100)	YES		
charge_in_advance_cancelled_items	11	user_id	varchar(100)	YES		
charge_in_advance_cancelled_items	12	remarks	varchar(100)	YES		
charge_in_advance_cancelled_items	13	item_code	varchar(100)	YES		
charge_in_advance_cancelled_items	14	barcode	varchar(100)	YES		
charge_in_advance_cancelled_items	15	description	varchar(100)	YES		
charge_in_advance_cancelled_items	16	generic_name	varchar(100)	YES		
charge_in_advance_cancelled_items	17	item_type	varchar(100)	YES		
charge_in_advance_cancelled_items	18	supplier_name	varchar(100)	YES		
charge_in_advance_cancelled_items	19	supplier_id	varchar(100)	YES		
charge_in_advance_cancelled_items	20	serial_no	varchar(100)	YES		
charge_in_advance_cancelled_items	21	product_qty	double	YES		
charge_in_advance_cancelled_items	22	unit	varchar(100)	YES		
charge_in_advance_cancelled_items	23	conversion	double	YES		
charge_in_advance_cancelled_items	24	selling_price	double	YES		
charge_in_advance_cancelled_items	25	date_added	datetime	YES		
charge_in_advance_cancelled_items	26	status	int(11)	YES		
charge_in_advance_cancelled_items	27	is_vatable	int(11)	YES		
charge_in_advance_cancelled_items	28	selling_type	int(11)	YES		
charge_in_advance_cancelled_items	29	discount_name	varchar(100)	YES		
charge_in_advance_cancelled_items	30	discount_rate	double	YES		
charge_in_advance_cancelled_items	31	discount_amount	double	YES		
charge_in_advance_cancelled_items	32	discount_customer_name	varchar(100)	YES		
charge_in_advance_cancelled_items	33	discount_customer_id	varchar(100)	YES		
charge_in_advance_cancelled_items	34	branch	varchar(100)	YES		
charge_in_advance_cancelled_items	35	branch_code	varchar(100)	YES		
charge_in_advance_cancelled_items	36	location	varchar(100)	YES		
charge_in_advance_cancelled_items	37	location_id	varchar(100)	YES		
charge_in_advance_cancelled_items	38	category	varchar(100)	YES		
charge_in_advance_cancelled_items	39	category_id	varchar(100)	YES		
charge_in_advance_cancelled_items	40	classification	varchar(100)	YES		
charge_in_advance_cancelled_items	41	classification_id	varchar(100)	YES		
charge_in_advance_cancelled_items	42	sub_classification	varchar(100)	YES		
charge_in_advance_cancelled_items	43	sub_classification_id	varchar(100)	YES		
charge_in_advance_cancelled_items	44	brand	varchar(100)	YES		
charge_in_advance_cancelled_items	45	brand_id	varchar(100)	YES		
charge_in_advance_cancelled_items	46	model	varchar(100)	YES		
charge_in_advance_cancelled_items	47	model_id	varchar(100)	YES		
charge_in_advance_cancelled_items	48	addtl_amount	double	YES		
charge_in_advance_cancelled_items	49	wtax	double	YES		
charge_in_advance_items	1	id	int(11)	NO	PRI	auto_increment
charge_in_advance_items	2	customer_id	varchar(100)	YES		
charge_in_advance_items	3	customer_name	varchar(100)	YES		
charge_in_advance_items	4	ar_id	varchar(100)	YES		
charge_in_advance_items	5	ar_no	varchar(100)	YES		
charge_in_advance_items	6	date_applied	date	YES		
charge_in_advance_items	7	reference_no	varchar(100)	YES		
charge_in_advance_items	8	soa_type	varchar(100)	YES		
charge_in_advance_items	9	soa_type_id	varchar(1000)	YES		
charge_in_advance_items	10	user_screen_name	varchar(100)	YES		
charge_in_advance_items	11	user_id	varchar(100)	YES		
charge_in_advance_items	12	remarks	varchar(100)	YES		
charge_in_advance_items	13	item_code	varchar(100)	YES		
charge_in_advance_items	14	barcode	varchar(100)	YES		
charge_in_advance_items	15	description	varchar(100)	YES		
charge_in_advance_items	16	generic_name	varchar(100)	YES		
charge_in_advance_items	17	item_type	varchar(100)	YES		
charge_in_advance_items	18	supplier_name	varchar(100)	YES		
charge_in_advance_items	19	supplier_id	varchar(100)	YES		
charge_in_advance_items	20	serial_no	varchar(100)	YES		
charge_in_advance_items	21	product_qty	double	YES		
charge_in_advance_items	22	unit	varchar(100)	YES		
charge_in_advance_items	23	conversion	double	YES		
charge_in_advance_items	24	selling_price	double	YES		
charge_in_advance_items	25	date_added	datetime	YES		
charge_in_advance_items	26	status	int(11)	YES		
charge_in_advance_items	27	is_vatable	int(11)	YES		
charge_in_advance_items	28	selling_type	int(11)	YES		
charge_in_advance_items	29	discount_name	varchar(100)	YES		
charge_in_advance_items	30	discount_rate	double	YES		
charge_in_advance_items	31	discount_amount	double	YES		
charge_in_advance_items	32	discount_customer_name	varchar(100)	YES		
charge_in_advance_items	33	discount_customer_id	varchar(100)	YES		
charge_in_advance_items	34	branch	varchar(100)	YES		
charge_in_advance_items	35	branch_code	varchar(100)	YES		
charge_in_advance_items	36	location	varchar(100)	YES		
charge_in_advance_items	37	location_id	varchar(100)	YES		
charge_in_advance_items	38	category	varchar(100)	YES		
charge_in_advance_items	39	category_id	varchar(100)	YES		
charge_in_advance_items	40	classification	varchar(100)	YES		
charge_in_advance_items	41	classification_id	varchar(100)	YES		
charge_in_advance_items	42	sub_classification	varchar(100)	YES		
charge_in_advance_items	43	sub_classification_id	varchar(100)	YES		
charge_in_advance_items	44	brand	varchar(100)	YES		
charge_in_advance_items	45	brand_id	varchar(100)	YES		
charge_in_advance_items	46	model	varchar(100)	YES		
charge_in_advance_items	47	model_id	varchar(100)	YES		
charge_in_advance_items	48	addtl_amount	double	YES		
charge_in_advance_items	49	wtax	double	YES		
charge_payments	1	id	int(11)	NO	PRI	auto_increment
charge_payments	2	sales_no	varchar(500)	YES		
charge_payments	3	date_added	varchar(500)	YES		
charge_payments	4	user_name	varchar(500)	YES		
charge_payments	5	session_no	varchar(500)	YES		
charge_payments	6	gross_amount	double	YES		
charge_payments	7	amount_paid	double	YES		
charge_payments	8	amount_due	double	YES		
charge_payments	9	discount_name	varchar(500)	YES		
charge_payments	10	discount	double	YES		
charge_payments	11	discount_amount	double	YES		
charge_payments	12	customer_name	varchar(500)	YES		
charge_payments	13	check_bank	varchar(500)	YES		
charge_payments	14	check_no	varchar(500)	YES		
charge_payments	15	check_amount	double	YES		
charge_payments	16	discount_customer_name	varchar(500)	YES		
charge_payments	17	discount_customer_id	varchar(500)	YES		
charge_payments	18	status	int(11)	YES		
charge_payments	19	or_no	varchar(500)	YES		
charge_payments	20	check_holder	varchar(500)	YES		
charge_payments	21	services	varchar(500)	YES		
charge_payments	22	service_amount	double	YES		
charge_payments	23	charge_account_name	varchar(500)	YES		
charge_payments	24	charge_amount	double	YES		
charge_payments	25	charge_account_id	varchar(500)	YES		
charge_payments	26	credit_card	double	YES		
charge_payments	27	credit_card_name	varchar(500)	YES		
charge_payments	28	credit_card_rate	double	YES		
charge_payments	29	credit_card_amount	double	YES		
charge_payments	30	sales_type	int(11)	YES		
charge_payment_items	1	id	int(11)	NO	PRI	auto_increment
charge_payment_items	2	barcode	varchar(500)	YES		
charge_payment_items	3	description	varchar(500)	YES		
charge_payment_items	4	generic_name	varchar(500)	YES		
charge_payment_items	5	category	varchar(500)	YES		
charge_payment_items	6	category_id	varchar(500)	YES		
charge_payment_items	7	classification	varchar(500)	YES		
charge_payment_items	8	classification_id	varchar(500)	YES		
charge_payment_items	9	sub_classification	varchar(500)	YES		
charge_payment_items	10	sub_classification_id	varchar(500)	YES		
charge_payment_items	11	product_qty	double	YES		
charge_payment_items	12	unit	varchar(500)	YES		
charge_payment_items	13	conversion	double	YES		
charge_payment_items	14	selling_price	double	YES		
charge_payment_items	15	date_added	datetime	YES		
charge_payment_items	16	user_name	varchar(500)	YES		
charge_payment_items	17	item_type	varchar(500)	YES		
charge_payment_items	18	status	int(11)	YES		
charge_payment_items	19	supplier	varchar(500)	YES		
charge_payment_items	20	fixed_price	int(11)	YES		
charge_payment_items	21	cost	double	YES		
charge_payment_items	22	supplier_id	varchar(500)	YES		
charge_payment_items	23	multi_level_pricing	int(11)	YES		
charge_payment_items	24	vatable	int(11)	YES		
charge_payment_items	25	reorder_level	double	YES		
charge_payment_items	26	markup	double	YES		
charge_payment_items	27	main_barcode	varchar(500)	YES		
charge_payment_items	28	brand	varchar(500)	YES		
charge_payment_items	29	brand_id	varchar(500)	YES		
charge_payment_items	30	model	varchar(500)	YES		
charge_payment_items	31	model_id	varchar(500)	YES		
charge_payment_items	32	selling_type	int(11)	YES		
charge_payment_items	33	branch	varchar(500)	YES		
charge_payment_items	34	branch_code	varchar(500)	YES		
charge_payment_items	35	location	varchar(500)	YES		
charge_payment_items	36	location_id	varchar(500)	YES		
charge_payment_items	37	discount_name	varchar(500)	YES		
charge_payment_items	38	discount_rate	double	YES		
charge_payment_items	39	discount_amount	double	YES		
charge_payment_items	40	added_by	varchar(500)	YES		
charge_payment_items	41	or_no	varchar(500)	YES		
charge_payment_items	42	serial_no	text	YES		
check_holders	1	id	int(11)	NO	PRI	auto_increment
check_holders	2	holder_name	varchar(100)	YES		
check_holders	3	holder_no	varchar(100)	YES		
classification	1	id	int(11)	NO	PRI	auto_increment
classification	2	category	varchar(100)	YES		
classification	3	category_id	varchar(100)	YES		
classification	4	classification	varchar(100)	YES		
conversions	1	id	int(11)	NO	PRI	auto_increment
conversions	2	conversion_no	varchar(255)	YES		
conversions	3	user_name	varchar(255)	YES		
conversions	4	session_no	varchar(255)	YES		
conversions	5	date_added	datetime	YES		
conversions	6	reference_no	varchar(255)	YES		
conversions	7	remarks	varchar(255)	YES		
conversions	8	status	int(11)	YES		
conversions	9	from_branch	varchar(255)	YES		
conversions	10	from_branch_id	varchar(255)	YES		
conversions	11	from_location	varchar(255)	YES		
conversions	12	from_location_id	varchar(255)	YES		
conversions	13	to_branch	varchar(255)	YES		
conversions	14	to_branch_id	varchar(255)	YES		
conversions	15	to_location	varchar(255)	YES		
conversions	16	to_location_id	varchar(255)	YES		
conversion_items	1	id	int(11)	NO	PRI	auto_increment
conversion_items	2	conversion_no	varchar(255)	YES		
conversion_items	3	user_name	varchar(255)	YES		
conversion_items	4	session_no	varchar(255)	YES		
conversion_items	5	date_added	datetime	YES		
conversion_items	6	reference_no	varchar(255)	YES		
conversion_items	7	remarks	varchar(255)	YES		
conversion_items	8	barcode	varchar(255)	YES		
conversion_items	9	description	varchar(255)	YES		
conversion_items	10	category	varchar(255)	YES		
conversion_items	11	category_id	varchar(255)	YES		
conversion_items	12	classification	varchar(255)	YES		
conversion_items	13	classification_id	varchar(255)	YES		
conversion_items	14	sub_class	varchar(255)	YES		
conversion_items	15	sub_class_id	varchar(255)	YES		
conversion_items	16	brand	varchar(255)	YES		
conversion_items	17	brand_id	varchar(255)	YES		
conversion_items	18	model	varchar(255)	YES		
conversion_items	19	model_id	varchar(255)	YES		
conversion_items	20	conversion	double	YES		
conversion_items	21	unit	varchar(255)	YES		
conversion_items	22	barcodes	varchar(255)	YES		
conversion_items	23	batch_no	varchar(255)	YES		
conversion_items	24	serial_no	varchar(255)	YES		
conversion_items	25	main_barcode	varchar(255)	YES		
conversion_items	26	qty	double	YES		
conversion_items	27	cost	double	YES		
conversion_items	28	status	int(11)	YES		
conversion_items	29	from_branch	varchar(255)	YES		
conversion_items	30	from_branch_id	varchar(255)	YES		
conversion_items	31	from_location	varchar(255)	YES		
conversion_items	32	from_location_id	varchar(255)	YES		
conversion_items	33	to_branch	varchar(255)	YES		
conversion_items	34	to_branch_id	varchar(255)	YES		
conversion_items	35	to_location	varchar(255)	YES		
conversion_items	36	to_location_id	varchar(255)	YES		
conversion_items	37	is_converted_from	int(11)	YES		
credit_cards	1	id	int(11)	NO	PRI	auto_increment
credit_cards	2	name	varchar(100)	YES		
credit_cards	3	rate	double	YES		
customers	1	id	int(11)	NO	PRI	auto_increment
customers	2	customer_name	varchar(100)	YES		
customers	3	customer_no	varchar(100)	YES	UNI	
customers	4	contact_no	varchar(100)	YES		
customers	5	credit_limit	double	YES		
customers	6	address	varchar(500)	YES		
customers	7	term	double	YES		
customers	8	location	varchar(100)	YES		
customers	9	balance	double	YES		
customers	10	discount	double	YES		
customers	11	prepaid	double	NO		
customers	12	branch	varchar(255)	YES		
customers	13	branch_id	varchar(255)	YES		
customers	14	location_id	varchar(255)	YES		
customers	15	department	varchar(255)	YES		
customers	16	department_id	varchar(255)	YES		
customer_departments	1	id	int(11)	NO	PRI	auto_increment
customer_departments	2	department	varchar(255)	YES		
customer_departments	3	created_at	datetime	YES		
customer_departments	4	updated_at	datetime	YES		
customer_departments	5	created_by	varchar(255)	YES		
customer_departments	6	updated_by	varchar(255)	YES		
disbursements	1	id	int(11)	NO	PRI	auto_increment
disbursements	2	user_id	varchar(1000)	YES		
disbursements	3	user_screen_name	varchar(1000)	YES		
disbursements	4	date_added	datetime	YES		
disbursements	5	purpose	varchar(1000)	YES		
disbursements	6	category_id	varchar(1000)	YES		
disbursements	7	category_name	varchar(1000)	YES		
disbursements	8	amount	double	YES		
disbursements	9	is_vat	int(11)	YES		
disbursements	10	disbursement_date	date	YES		
disbursements	11	branch	varchar(100)	YES		
disbursements	12	branch_id	varchar(100)	YES		
disbursements	13	location	varchar(100)	YES		
disbursements	14	location_id	varchar(100)	YES		
disbursement_categories	1	id	int(11)	NO	PRI	auto_increment
disbursement_categories	2	category_name	varchar(1000)	YES		
discounts	1	id	int(11)	NO	PRI	auto_increment
discounts	2	discount_name	varchar(100)	YES		
discounts	3	discount_rate	double	YES		
discount_customers	1	id	int(11)	NO	PRI	auto_increment
discount_customers	2	customer_name	varchar(100)	YES		
discount_customers	3	id_no	varchar(100)	YES		
encoding_inventory	1	id	int(11)	NO	PRI	auto_increment
encoding_inventory	2	item_code	varchar(100)	YES		
encoding_inventory	3	barcode	varchar(100)	YES		
encoding_inventory	4	description	text	YES		
encoding_inventory	5	branch	varchar(100)	YES		
encoding_inventory	6	branch_id	varchar(100)	YES		
encoding_inventory	7	location	varchar(100)	YES		
encoding_inventory	8	location_id	varchar(100)	YES		
encoding_inventory	9	qty	double	YES		
encoding_inventory	10	date_added	datetime	YES		
encoding_inventory	11	user_name	varchar(100)	YES		
encoding_inventory	12	screen_name	varchar(100)	YES		
encoding_inventory	13	sheet_no	varchar(100)	YES		
encoding_inventory	14	status	int(11)	YES		
encoding_inventory	15	counted_by	varchar(100)	YES		
encoding_inventory	16	checked_by	varchar(100)	YES		
encoding_inventory	17	cost	double	YES		
encoding_inventory	18	selling_price	double	YES		
encoding_inventory	19	user_id	varchar(1000)	YES		
encoding_inventory	20	user_screen_name	varchar(1000)	YES		
encoding_inventory	21	remarks	text	YES		
expenses	1	id	int(11)	NO	PRI	auto_increment
expenses	2	expense_name	varchar(100)	YES		
inventory	1	id	int(11)	NO	PRI	auto_increment
inventory	2	barcode	varchar(255)	YES		
inventory	3	description	varchar(500)	YES		
inventory	4	generic_name	varchar(500)	YES		
inventory	5	category	varchar(500)	YES		
inventory	6	category_id	varchar(500)	YES		
inventory	7	classification	varchar(500)	YES		
inventory	8	classification_id	varchar(500)	YES		
inventory	9	sub_classification	varchar(500)	YES		
inventory	10	sub_classification_id	varchar(500)	YES		
inventory	11	product_qty	double	YES		
inventory	12	unit	text	YES		
inventory	13	conversion	double	YES		
inventory	14	selling_price	double	YES		
inventory	15	date_added	datetime	YES		
inventory	16	user_name	varchar(500)	YES		
inventory	17	item_type	varchar(500)	YES		
inventory	18	status	int(11)	YES		
inventory	19	supplier	varchar(500)	YES		
inventory	20	fixed_price	int(11)	YES		
inventory	21	cost	double	YES		
inventory	22	supplier_id	varchar(500)	YES		
inventory	23	multi_level_pricing	int(11)	YES		
inventory	24	vatable	int(11)	YES		
inventory	25	reorder_level	double	YES		
inventory	26	markup	double	YES		
inventory	27	barcodes	varchar(500)	YES		
inventory	28	brand	varchar(100)	YES		
inventory	29	brand_id	varchar(100)	YES		
inventory	30	model	varchar(100)	YES		
inventory	31	model_id	varchar(100)	YES		
inventory	32	selling_type	int(11)	YES		
inventory	33	branch	varchar(100)	YES		
inventory	34	branch_code	varchar(100)	YES		
inventory	35	location	varchar(100)	YES		
inventory	36	location_id	varchar(100)	YES		
inventory	37	updated_at	datetime	YES		
inventory	38	is_uploaded	int(11)	YES		
inventory	39	allow_negative_inventory	int(11)	YES		
inventory	40	auto_order	int(11)	YES		
inventory	41	show_to_sales	int(11)	YES		
inventory_assembly	1	id	int(11)	NO	PRI	auto_increment
inventory_assembly	2	main_item_code	varchar(100)	YES		
inventory_assembly	3	main_barcode	varchar(100)	YES		
inventory_assembly	4	item_code	varchar(100)	YES		
inventory_assembly	5	description	varchar(100)	YES		
inventory_assembly	6	generic_name	varchar(100)	YES		
inventory_assembly	7	category	varchar(100)	YES		
inventory_assembly	8	category_id	varchar(100)	YES		
inventory_assembly	9	classification	varchar(100)	YES		
inventory_assembly	10	classification_id	varchar(100)	YES		
inventory_assembly	11	sub_classification	varchar(100)	YES		
inventory_assembly	12	sub_classification_id	varchar(100)	YES		
inventory_assembly	13	product_qty	double	YES		
inventory_assembly	14	unit	varchar(1000)	YES		
inventory_assembly	15	conversion	double	YES		
inventory_assembly	16	selling_price	double	YES		
inventory_assembly	17	date_added	datetime	YES		
inventory_assembly	18	user_name	varchar(100)	YES		
inventory_assembly	19	item_type	varchar(100)	YES		
inventory_assembly	20	status	int(11)	YES		
inventory_assembly	21	supplier	varchar(100)	YES		
inventory_assembly	22	fixed_price	int(11)	YES		
inventory_assembly	23	cost	double	YES		
inventory_assembly	24	supplier_id	varchar(100)	YES		
inventory_assembly	25	multi_level_pricing	int(11)	YES		
inventory_assembly	26	vatable	int(11)	YES		
inventory_assembly	27	reorder_level	double	YES		
inventory_assembly	28	markup	double	YES		
inventory_assembly	29	barcodes	varchar(100)	YES		
inventory_assembly	30	brand	varchar(100)	YES		
inventory_assembly	31	brand_id	varchar(100)	YES		
inventory_assembly	32	model	varchar(100)	YES		
inventory_assembly	33	model_id	varchar(100)	YES		
inventory_assembly	34	selling_type	int(11)	YES		
inventory_assembly	35	branch	varchar(100)	YES		
inventory_assembly	36	branch_code	varchar(100)	YES		
inventory_assembly	37	location	varchar(100)	YES		
inventory_assembly	38	location_id	varchar(100)	YES		
inventory_barcodes	1	id	int(11)	NO	PRI	auto_increment
inventory_barcodes	2	barcode	varchar(500)	YES		
inventory_barcodes	3	description	varchar(500)	YES		
inventory_barcodes	4	generic_name	varchar(500)	YES		
inventory_barcodes	5	category	varchar(500)	YES		
inventory_barcodes	6	category_id	varchar(500)	YES		
inventory_barcodes	7	classification	varchar(500)	YES		
inventory_barcodes	8	classification_id	varchar(500)	YES		
inventory_barcodes	9	sub_classification	varchar(500)	YES		
inventory_barcodes	10	sub_classification_id	varchar(500)	YES		
inventory_barcodes	11	product_qty	double	YES		
inventory_barcodes	12	unit	text	YES		
inventory_barcodes	13	conversion	double	YES		
inventory_barcodes	14	selling_price	double	YES		
inventory_barcodes	15	date_added	datetime	YES		
inventory_barcodes	16	user_name	varchar(500)	YES		
inventory_barcodes	17	item_type	varchar(500)	YES		
inventory_barcodes	18	status	int(11)	YES		
inventory_barcodes	19	supplier	varchar(500)	YES		
inventory_barcodes	20	fixed_price	int(11)	YES		
inventory_barcodes	21	cost	double	YES		
inventory_barcodes	22	supplier_id	varchar(500)	YES		
inventory_barcodes	23	multi_level_pricing	int(11)	YES		
inventory_barcodes	24	vatable	int(11)	YES		
inventory_barcodes	25	reorder_level	double	YES		
inventory_barcodes	26	markup	double	YES		
inventory_barcodes	27	main_barcode	varchar(255)	YES		
inventory_barcodes	28	brand	varchar(500)	YES		
inventory_barcodes	29	brand_id	varchar(500)	YES		
inventory_barcodes	30	model	varchar(500)	YES		
inventory_barcodes	31	model_id	varchar(500)	YES		
inventory_barcodes	32	selling_type	int(11)	YES		
inventory_barcodes	33	branch	varchar(500)	YES		
inventory_barcodes	34	branch_code	varchar(500)	YES		
inventory_barcodes	35	location	varchar(100)	YES		
inventory_barcodes	36	location_id	varchar(100)	YES		
inventory_barcodes	37	serial_no	text	YES		
inventory_barcodes	38	updated_at	datetime	YES		
inventory_barcodes	39	is_uploaded	int(11)	YES		
inventory_barcodes	40	allow_negative_inventory	int(11)	YES		
inventory_barcodes	41	auto_order	int(11)	YES		
inventory_barcodes	42	show_to_sales	int(11)	YES		
inventory_brand	1	id	int(11)	NO	PRI	auto_increment
inventory_brand	2	code	varchar(100)	YES		
inventory_brand	3	name	varchar(100)	YES		
inventory_category	1	id	int(11)	NO	PRI	auto_increment
inventory_category	2	name	varchar(100)	YES		
inventory_category	3	code	varchar(100)	YES		
inventory_classification	1	id	int(11)	NO	PRI	auto_increment
inventory_classification	2	category_code	varchar(100)	YES		
inventory_classification	3	category	varchar(100)	YES		
inventory_classification	4	code	varchar(100)	YES		
inventory_classification	5	name	varchar(100)	YES		
inventory_classification	6	markup_percent	double	YES		
inventory_model	1	id	int(11)	NO	PRI	auto_increment
inventory_model	2	brand_code	varchar(100)	YES		
inventory_model	3	brand	varchar(100)	YES		
inventory_model	4	code	varchar(100)	YES		
inventory_model	5	name	varchar(100)	YES		
inventory_multi_level_pricing	1	id	int(11)	NO	PRI	auto_increment
inventory_multi_level_pricing	2	main_barcode	varchar(100)	YES		
inventory_multi_level_pricing	3	barcode	varchar(100)	YES		
inventory_multi_level_pricing	4	description	varchar(100)	YES		
inventory_multi_level_pricing	5	unit	varchar(100)	YES		
inventory_multi_level_pricing	6	conversion	double	YES		
inventory_multi_level_pricing	7	markup	double	YES		
inventory_multi_level_pricing	8	selling_price	double	YES		
inventory_price_updates	1	id	int(11)	NO	PRI	auto_increment
inventory_price_updates	2	item_code	varchar(255)	YES		
inventory_price_updates	3	barcode	varchar(255)	YES		
inventory_price_updates	4	description	varchar(255)	YES		
inventory_price_updates	5	old_unit	text	YES		
inventory_price_updates	6	unit	text	YES		
inventory_price_updates	7	conversion	double	YES		
inventory_price_updates	8	old_selling_price	double	YES		
inventory_price_updates	9	selling_price	double	YES		
inventory_price_updates	10	update_all_branch	int(11)	YES		
inventory_price_updates	11	status	int(11)	YES		
inventory_price_updates	12	date_added	datetime	YES		
inventory_price_updates	13	user_id	varchar(255)	YES		
inventory_price_updates	14	user_screen_name	varchar(255)	YES		
inventory_price_updates	15	branch	varchar(255)	YES		
inventory_price_updates	16	branch_id	varchar(255)	YES		
inventory_price_updates	17	location	varchar(255)	YES		
inventory_price_updates	18	location_id	varchar(255)	YES		
inventory_price_updates	19	is_uploaded	int(11)	YES		
inventory_price_updates	20	ipu_no	varchar(255)	YES		
inventory_price_updates	21	at_branch	varchar(255)	YES		
inventory_price_updates	22	at_branch_id	varchar(255)	YES		
inventory_price_updates	23	at_location	varchar(255)	YES		
inventory_price_updates	24	at_location_id	varchar(255)	YES		
inventory_replenishments	1	id	int(11)	NO	PRI	auto_increment
inventory_replenishments	2	inventory_replenishment_no	varchar(100)	YES	UNI	
inventory_replenishments	3	date_added	datetime	YES		
inventory_replenishments	4	user_id	varchar(100)	YES		
inventory_replenishments	5	user_screen_name	varchar(100)	YES		
inventory_replenishments	6	remarks	varchar(100)	YES		
inventory_replenishments	7	status	int(11)	YES		
inventory_replenishments	8	branch	varchar(100)	YES		
inventory_replenishments	9	branch_id	varchar(100)	YES		
inventory_replenishments	10	location	varchar(100)	YES		
inventory_replenishments	11	location_id	varchar(100)	YES		
inventory_replenishment_items	1	id	int(11)	NO	PRI	auto_increment
inventory_replenishment_items	2	inventory_replenishment_no	varchar(100)	YES		
inventory_replenishment_items	3	item_code	varchar(100)	YES		
inventory_replenishment_items	4	barcode	varchar(100)	YES		
inventory_replenishment_items	5	description	text	YES		
inventory_replenishment_items	6	product_qty	double	YES		
inventory_replenishment_items	7	unit	text	YES		
inventory_replenishment_items	8	conversion	double	YES		
inventory_replenishment_items	9	selling_price	double	YES		
inventory_replenishment_items	10	date_added	datetime	YES		
inventory_replenishment_items	11	user_id	varchar(100)	YES		
inventory_replenishment_items	12	user_screen_name	varchar(100)	YES		
inventory_replenishment_items	13	status	int(11)	YES		
inventory_replenishment_items	14	branch	varchar(100)	YES		
inventory_replenishment_items	15	branch_id	varchar(100)	YES		
inventory_replenishment_items	16	location	varchar(100)	YES		
inventory_replenishment_items	17	location_id	varchar(100)	YES		
inventory_sub_classification	1	id	int(11)	NO	PRI	auto_increment
inventory_sub_classification	2	category_code	varchar(100)	YES		
inventory_sub_classification	3	category	varchar(100)	YES		
inventory_sub_classification	4	classification_code	varchar(100)	YES		
inventory_sub_classification	5	classification	varchar(100)	YES		
inventory_sub_classification	6	code	varchar(100)	YES		
inventory_sub_classification	7	name	varchar(100)	YES		
inventory_sub_classification	8	markup	double	YES		
inventory_uom	1	id	int(11)	NO	PRI	auto_increment
inventory_uom	2	code	varchar(100)	YES		
inventory_uom	3	name	varchar(100)	YES		
inv_categories	1	id	int(11)	NO	PRI	auto_increment
inv_categories	2	category	varchar(100)	YES		
inv_classifications	1	id	int(11)	NO	PRI	auto_increment
inv_classifications	2	category_id	varchar(100)	YES		
inv_classifications	3	category_name	varchar(100)	YES		
inv_classifications	4	classification	varchar(100)	YES		
inv_sub_classifications	1	id	int(11)	NO	PRI	auto_increment
inv_sub_classifications	2	category_id	varchar(100)	YES		
inv_sub_classifications	3	category_name	varchar(100)	YES		
inv_sub_classifications	4	classification_name	varchar(100)	YES		
inv_sub_classifications	5	sub_classification	varchar(100)	YES		
inv_sub_classifications	6	classification_id	varchar(100)	YES		
items	1	id	int(11)	NO	PRI	auto_increment
items	2	barcode	varchar(100)	YES		
items	3	description	varchar(100)	YES		
items	4	generic_name	varchar(100)	YES		
items	5	category	varchar(100)	YES		
items	6	category_id	varchar(100)	YES		
items	7	classification	varchar(100)	YES		
items	8	classification_id	varchar(100)	YES		
items	9	sub_classification	varchar(100)	YES		
items	10	sub_classification_id	varchar(100)	YES		
items	11	product_qty	double	YES		
items	12	unit	varchar(100)	YES		
items	13	conversion	double	YES		
items	14	selling_price	double	YES		
items	15	date_added	datetime	YES		
items	16	user_name	varchar(100)	YES		
items	17	item_type	varchar(100)	YES		
items	18	status	int(11)	YES		
items	19	supplier	varchar(100)	YES		
items	20	fixed_price	int(11)	YES		
items	21	cost	double	YES		
items	22	supplier_id	varchar(100)	YES		
items	23	multi_level_pricing	int(11)	YES		
items	24	vatable	int(11)	YES		
items	25	reorder_level	double	YES		
items	26	markup	double	YES		
items	27	barcodes	varchar(1000)	YES		
item_multi_level_pricing	1	id	int(11)	NO	PRI	auto_increment
item_multi_level_pricing	2	barcode	varchar(100)	YES		
item_multi_level_pricing	3	description	varchar(100)	YES		
item_multi_level_pricing	4	unit	varchar(100)	YES		
item_multi_level_pricing	5	conversion	double	YES		
item_multi_level_pricing	6	price	double	YES		
item_replacements	1	id	int(11)	NO	PRI	auto_increment
item_replacements	2	item_replacement_no	varchar(255)	YES		
item_replacements	3	sales_no	varchar(255)	YES		
item_replacements	4	customer_name	varchar(255)	YES		
item_replacements	5	customer_id	varchar(255)	YES		
item_replacements	6	date_added	datetime	YES		
item_replacements	7	user_screen_name	varchar(255)	YES		
item_replacements	8	user_id	varchar(255)	YES		
item_replacements	9	reason	varchar(255)	YES		
item_replacements	10	amount_due	double	YES		
item_replacements	11	replacement_amount	double	YES		
item_replacements	12	discount	double	YES		
item_replacements	13	status	int(11)	YES		
item_replacements	14	branch	varchar(255)	YES		
item_replacements	15	branch_id	varchar(255)	YES		
item_replacements	16	location	varchar(255)	YES		
item_replacements	17	location_id	varchar(255)	YES		
item_replacements	18	cash_amount	double	YES		
item_replacements	19	check_holder	varchar(255)	YES		
item_replacements	20	check_bank	varchar(255)	YES		
item_replacements	21	check_no	varchar(255)	YES		
item_replacements	22	check_date	date	YES		
item_replacements	23	check_amount	double	YES		
item_replacements	24	card_type	varchar(255)	YES		
item_replacements	25	credit_card_rate	double	YES		
item_replacements	26	credit_card_amount	double	YES		
item_replacements	27	credit_card_amount_to_pay	double	YES		
item_replacements	28	credit_card_no	varchar(255)	YES		
item_replacements	29	credit_card_holder	varchar(255)	YES		
item_replacements	30	credit_card_approval_code	varchar(255)	YES		
item_replacements	31	prepaid_customer_name	varchar(255)	YES		
item_replacements	32	prepaid_customer_id	varchar(255)	YES		
item_replacements	33	prepaid_amount	double	YES		
item_replacements	34	charge_reference_no	varchar(255)	YES		
item_replacements	35	charge_ar_no	varchar(255)	YES		
item_replacements	36	charge_type	varchar(255)	YES		
item_replacements	37	charge_customer_name	varchar(255)	YES		
item_replacements	38	charge_customer_id	varchar(255)	YES		
item_replacements	39	charge_amount	double	YES		
item_replacements	40	charge_days	int(11)	YES		
item_replacements	41	gc_from	varchar(255)	YES		
item_replacements	42	gc_description	varchar(255)	YES		
item_replacements	43	gc_no	varchar(255)	YES		
item_replacements	44	gc_amount	double	YES		
item_replacements	45	online_holder	varchar(255)	YES		
item_replacements	46	online_bank	varchar(255)	YES		
item_replacements	47	online_reference_no	varchar(255)	YES		
item_replacements	48	online_date	date	YES		
item_replacements	49	online_amount	double	YES		
item_replacement_details	1	id	int(11)	NO	PRI	auto_increment
item_replacement_details	2	item_replacement_no	varchar(255)	YES		
item_replacement_details	3	sales_no	varchar(255)	YES		
item_replacement_details	4	customer_name	varchar(255)	YES		
item_replacement_details	5	customer_id	varchar(255)	YES		
item_replacement_details	6	date_added	datetime	YES		
item_replacement_details	7	user_screen_name	varchar(255)	YES		
item_replacement_details	8	user_id	varchar(255)	YES		
item_replacement_details	9	item_code	varchar(255)	YES		
item_replacement_details	10	barcode	varchar(255)	YES		
item_replacement_details	11	generic_name	varchar(255)	YES		
item_replacement_details	12	description	text	YES		
item_replacement_details	13	item_type	varchar(255)	YES		
item_replacement_details	14	serial_no	varchar(255)	YES		
item_replacement_details	15	product_qty	double	YES		
item_replacement_details	16	unit	varchar(255)	YES		
item_replacement_details	17	conversion	double	YES		
item_replacement_details	18	selling_price	double	YES		
item_replacement_details	19	is_vatable	int(11)	YES		
item_replacement_details	20	selling_type	int(11)	YES		
item_replacement_details	21	discount_name	varchar(255)	YES		
item_replacement_details	22	discount_amount	double	YES		
item_replacement_details	23	discount_customer_name	varchar(255)	YES		
item_replacement_details	24	discount_customer_id	varchar(255)	YES		
item_replacement_details	25	category	varchar(255)	YES		
item_replacement_details	26	category_id	varchar(255)	YES		
item_replacement_details	27	classification	varchar(255)	YES		
item_replacement_details	28	classification_id	varchar(255)	YES		
item_replacement_details	29	sub_classification	varchar(255)	YES		
item_replacement_details	30	sub_classification_id	varchar(255)	YES		
item_replacement_details	31	brand	varchar(255)	YES		
item_replacement_details	32	brand_id	varchar(255)	YES		
item_replacement_details	33	model	varchar(255)	YES		
item_replacement_details	34	model_id	varchar(255)	YES		
item_replacement_details	35	is_replacement	int(11)	YES		
item_replacement_details	36	reason	varchar(255)	YES		
item_replacement_details	37	status	int(11)	YES		
item_replacement_details	38	branch	varchar(255)	YES		
item_replacement_details	39	branch_id	varchar(255)	YES		
item_replacement_details	40	location	varchar(255)	YES		
item_replacement_details	41	location_id	varchar(255)	YES		
item_replacement_details	42	addtl_amount	double	YES		
item_replacement_details	43	wtax	double	YES		
loading_list	1	id	int(11)	NO	PRI	auto_increment
loading_list	2	loading_list_no	varchar(255)	YES		
loading_list	3	user_id	varchar(255)	YES		
loading_list	4	user_screen_name	varchar(255)	YES		
loading_list	5	date_added	datetime	YES		
loading_list	6	stock_transfer_nos	text	YES		
loading_list	7	remarks	varchar(255)	YES		
loading_list	8	status	int(11)	YES		
loading_list	9	branch	varchar(255)	YES		
loading_list	10	branch_id	varchar(255)	YES		
loading_list	11	location	varchar(255)	YES		
loading_list	12	location_id	varchar(255)	YES		
loading_list	13	vehicle	varchar(255)	YES		
loading_list	14	driver	varchar(255)	YES		
local_branch_query_uploads	1	id	int(11)	NO	PRI	auto_increment
local_branch_query_uploads	2	branch_query	longtext	YES		
local_branch_query_uploads	3	query_module	varchar(255)	YES		
local_branch_query_uploads	4	to_branch	varchar(255)	YES		
local_branch_query_uploads	5	to_branch_id	varchar(255)	YES		
local_branch_query_uploads	6	branch	varchar(255)	YES		
local_branch_query_uploads	7	branch_id	varchar(255)	YES		
local_branch_query_uploads	8	location	varchar(255)	YES		
local_branch_query_uploads	9	location_id	varchar(255)	YES		
local_branch_query_uploads	10	date_added	datetime	YES		
local_branch_query_uploads	11	status	int(11)	YES		
main_branch_query_uploads	1	id	int(11)	NO	PRI	auto_increment
main_branch_query_uploads	2	branch_query	longtext	YES		
main_branch_query_uploads	3	query_module	varchar(255)	YES		
main_branch_query_uploads	4	to_branch	varchar(255)	YES		
main_branch_query_uploads	5	to_branch_id	varchar(255)	YES		
main_branch_query_uploads	6	branch	varchar(255)	YES		
main_branch_query_uploads	7	branch_id	varchar(255)	YES		
main_branch_query_uploads	8	location	varchar(255)	YES		
main_branch_query_uploads	9	location_id	varchar(255)	YES		
main_branch_query_uploads	10	date_added	datetime	YES		
main_branch_query_uploads	11	status	int(11)	YES		
multi_pricing	1	id	int(11)	NO	PRI	auto_increment
multi_pricing	2	qty	double	YES		
multi_pricing	3	unit	varchar(100)	YES		
multi_pricing	4	price	double	YES		
multi_pricing	5	invoice_qty	double	YES		
my_services	1	id	int(11)	NO	PRI	auto_increment
my_services	2	transaction_no	varchar(100)	YES		
my_services	3	service_slip_no	varchar(100)	YES		
my_services	4	serviced_by	varchar(100)	YES		
my_services	5	service_by_id	varchar(100)	YES		
my_services	6	department_manager	varchar(100)	YES		
my_services	7	department_manager_id	varchar(100)	YES		
my_services	8	department	varchar(100)	YES		
my_services	9	department_id	varchar(100)	YES		
my_services	10	customer_name	varchar(100)	YES		
my_services	11	customer_id	varchar(100)	YES		
my_services	12	qty	double	YES		
my_services	13	unit	varchar(100)	YES		
my_services	14	description	varchar(100)	YES		
my_services	15	problem	varchar(100)	YES		
my_services	16	date_received	date	YES		
my_services	17	date_assigned	date	YES		
my_services	18	date_released	date	YES		
my_services	19	added_by	varchar(100)	YES		
my_services	20	remarks	text	YES		
my_services	21	status	int(11)	YES		
my_services	22	service_type	varchar(100)	YES		
my_services	23	service_type_id	varchar(100)	YES		
my_services	24	amount	double	YES		
my_services	25	cashier	varchar(100)	YES		
my_services	26	cashier_id	varchar(100)	YES		
my_services	27	user_id	varchar(100)	YES		
my_services	28	user_screen_name	varchar(100)	YES		
my_services	29	customer_contact_no	varchar(100)	YES		
my_services	30	branch	varchar(255)	YES		
my_services	31	branch_id	varchar(255)	YES		
my_services	32	location	varchar(255)	YES		
my_services	33	location_id	varchar(255)	YES		
my_services_barcodes_customers	1	id	int(11)	NO	PRI	auto_increment
my_services_barcodes_customers	2	customer_id	varchar(255)	YES		
my_services_barcodes_customers	3	customer_name	varchar(255)	YES		
my_services_barcodes_customers	4	transaction_no	varchar(255)	YES		
my_services_barcodes_customers	5	date_added	datetime	YES		
my_services_barcodes_customers	6	barcode	varchar(255)	YES		
my_services_barcodes_customers	7	branch	varchar(255)	YES		
my_services_barcodes_customers	8	branch_id	varchar(255)	YES		
my_services_barcodes_customers	9	location	varchar(255)	YES		
my_services_barcodes_customers	10	location_id	varchar(255)	YES		
my_services_crews	1	id	int(11)	NO	PRI	auto_increment
my_services_crews	2	fname	varchar(100)	YES		
my_services_crews	3	mi	varchar(100)	YES		
my_services_crews	4	lname	varchar(100)	YES		
my_services_crews	5	address	varchar(100)	YES		
my_services_crews	6	contact_no	varchar(100)	YES		
my_services_crews	7	manager	varchar(100)	YES		
my_services_crews	8	manager_id	varchar(100)	YES		
my_services_crews	9	department	varchar(100)	YES		
my_services_crews	10	department_id	varchar(100)	YES		
my_services_crews	11	is_manager	int(11)	YES		
my_services_crews	12	is_status	int(11)	YES		
my_services_crews	13	account_created	int(11)	YES		
my_services_crews	14	branch	varchar(255)	YES		
my_services_crews	15	branch_id	varchar(255)	YES		
my_services_crews	16	location	varchar(255)	YES		
my_services_crews	17	location_id	varchar(255)	YES		
my_services_customers	1	id	int(11)	NO	PRI	auto_increment
my_services_customers	2	customer_no	varchar(100)	YES		
my_services_customers	3	customer_name	varchar(100)	YES		
my_services_customers	4	address	varchar(100)	YES		
my_services_customers	5	contact_no	varchar(100)	YES		
my_services_customers	6	balance	double	YES		
my_services_customers	7	branch	varchar(255)	YES		
my_services_customers	8	branch_id	varchar(255)	YES		
my_services_customers	9	location	varchar(255)	YES		
my_services_customers	10	location_id	varchar(255)	YES		
my_services_departments	1	id	int(11)	NO	PRI	auto_increment
my_services_departments	2	department	varchar(100)	YES		
my_services_departments	3	manager	varchar(100)	YES		
my_services_departments	4	manager_id	varchar(100)	YES		
my_services_departments	5	status	int(11)	YES		
my_services_departments	6	branch	varchar(255)	YES		
my_services_departments	7	branch_id	varchar(255)	YES		
my_services_departments	8	location	varchar(255)	YES		
my_services_departments	9	location_id	varchar(255)	YES		
my_services_description	1	id	int(11)	NO	PRI	auto_increment
my_services_description	2	description	varchar(100)	YES		
my_services_description	3	amount	double	YES		
my_services_description_customers	1	id	int(11)	NO	PRI	auto_increment
my_services_description_customers	2	description	varchar(100)	YES		
my_services_description_customers	3	amount	double	YES		
my_services_description_customers	4	customer_id	varchar(100)	YES		
my_services_description_customers	5	customer_name	varchar(100)	YES		
my_services_description_customers	6	transaction_no	varchar(100)	YES		
my_services_description_customers	7	date_added	datetime	YES		
my_services_description_customers	8	user_name	varchar(100)	YES		
my_services_description_customers	9	unit	varchar(100)	YES		
my_services_description_customers	10	barcode	varchar(100)	YES		
my_services_description_customers	11	branch	varchar(255)	YES		
my_services_description_customers	12	branch_id	varchar(255)	YES		
my_services_description_customers	13	location	varchar(255)	YES		
my_services_description_customers	14	location_id	varchar(255)	YES		
my_services_item_replacements	1	id	int(11)	NO	PRI	auto_increment
my_services_item_replacements	2	barcode	varchar(100)	YES		
my_services_item_replacements	3	description	varchar(100)	YES		
my_services_item_replacements	4	qty	double	YES		
my_services_item_replacements	5	price	double	YES		
my_services_item_replacements	6	item_code	varchar(100)	YES		
my_services_item_replacements	7	category	varchar(100)	YES		
my_services_item_replacements	8	category_id	varchar(100)	YES		
my_services_item_replacements	9	classification	varchar(100)	YES		
my_services_item_replacements	10	classification_id	varchar(100)	YES		
my_services_item_replacements	11	sub_classification	varchar(100)	YES		
my_services_item_replacements	12	sub_classification_id	varchar(100)	YES		
my_services_item_replacements	13	unit	varchar(100)	YES		
my_services_item_replacements	14	conversion	double	YES		
my_services_item_replacements	15	item_type	varchar(100)	YES		
my_services_item_replacements	16	status	int(11)	YES		
my_services_item_replacements	17	supplier	varchar(100)	YES		
my_services_item_replacements	18	fixed_price	int(11)	YES		
my_services_item_replacements	19	supplier_id	varchar(100)	YES		
my_services_item_replacements	20	multi_level_pricing	int(11)	YES		
my_services_item_replacements	21	vatable	int(11)	YES		
my_services_item_replacements	22	reorder_level	double	YES		
my_services_item_replacements	23	markup	double	YES		
my_services_item_replacements	24	brand	varchar(100)	YES		
my_services_item_replacements	25	brand_id	varchar(100)	YES		
my_services_item_replacements	26	model	varchar(100)	YES		
my_services_item_replacements	27	model_id	varchar(100)	YES		
my_services_item_replacements	28	selling_type	varchar(100)	YES		
my_services_item_replacements	29	branch	varchar(100)	YES		
my_services_item_replacements	30	branch_code	varchar(100)	YES		
my_services_item_replacements	31	location	varchar(100)	YES		
my_services_item_replacements	32	location_id	varchar(100)	YES		
my_services_item_replacements	33	serial_no	varchar(100)	YES		
my_services_item_replacements	34	user_id	varchar(100)	YES		
my_services_item_replacements	35	user_screen_name	varchar(100)	YES		
my_services_item_replacements_customers	1	id	int(11)	NO	PRI	auto_increment
my_services_item_replacements_customers	2	transaction_no	varchar(100)	YES		
my_services_item_replacements_customers	3	customer_id	varchar(100)	YES		
my_services_item_replacements_customers	4	customer_name	varchar(100)	YES		
my_services_item_replacements_customers	5	item_code	varchar(100)	YES		
my_services_item_replacements_customers	6	barcode	varchar(100)	YES		
my_services_item_replacements_customers	7	description	varchar(500)	YES		
my_services_item_replacements_customers	8	qty	double	YES		
my_services_item_replacements_customers	9	selling_price	double	YES		
my_services_item_replacements_customers	10	date_added	datetime	YES		
my_services_item_replacements_customers	11	user_name	varchar(100)	YES		
my_services_item_replacements_customers	12	category	varchar(100)	YES		
my_services_item_replacements_customers	13	category_id	varchar(100)	YES		
my_services_item_replacements_customers	14	classification	varchar(100)	YES		
my_services_item_replacements_customers	15	classification_id	varchar(100)	YES		
my_services_item_replacements_customers	16	sub_classification	varchar(100)	YES		
my_services_item_replacements_customers	17	sub_classification_id	varchar(100)	YES		
my_services_item_replacements_customers	18	unit	varchar(100)	YES		
my_services_item_replacements_customers	19	conversion	double	YES		
my_services_item_replacements_customers	20	item_type	varchar(100)	YES		
my_services_item_replacements_customers	21	status	int(11)	YES		
my_services_item_replacements_customers	22	supplier	varchar(100)	YES		
my_services_item_replacements_customers	23	fixed_price	int(11)	YES		
my_services_item_replacements_customers	24	supplier_id	varchar(100)	YES		
my_services_item_replacements_customers	25	multi_level_pricing	int(11)	YES		
my_services_item_replacements_customers	26	vatable	int(11)	YES		
my_services_item_replacements_customers	27	reorder_level	double	YES		
my_services_item_replacements_customers	28	markup	double	YES		
my_services_item_replacements_customers	29	brand	varchar(100)	YES		
my_services_item_replacements_customers	30	brand_id	varchar(100)	YES		
my_services_item_replacements_customers	31	model	varchar(100)	YES		
my_services_item_replacements_customers	32	model_id	varchar(100)	YES		
my_services_item_replacements_customers	33	selling_type	varchar(100)	YES		
my_services_item_replacements_customers	34	branch	varchar(100)	YES		
my_services_item_replacements_customers	35	branch_code	varchar(100)	YES		
my_services_item_replacements_customers	36	location	varchar(100)	YES		
my_services_item_replacements_customers	37	location_id	varchar(100)	YES		
my_services_item_replacements_customers	38	serial_no	varchar(100)	YES		
my_services_item_replacements_customers	39	user_id	varchar(100)	YES		
my_services_item_replacements_customers	40	user_screen_name	varchar(100)	YES		
my_services_others	1	id	int(11)	NO	PRI	auto_increment
my_services_others	2	name	varchar(100)	YES		
my_services_others	3	amount	double	YES		
my_services_others_customers	1	id	int(11)	NO	PRI	auto_increment
my_services_others_customers	2	customer_id	varchar(100)	YES		
my_services_others_customers	3	customer_name	varchar(100)	YES		
my_services_others_customers	4	transaction_no	varchar(100)	YES		
my_services_others_customers	5	date_added	datetime	YES		
my_services_others_customers	6	name	varchar(100)	YES		
my_services_others_customers	7	amount	double	YES		
my_services_others_customers	8	qty	double	YES		
my_services_others_customers	9	branch	varchar(255)	YES		
my_services_others_customers	10	branch_id	varchar(255)	YES		
my_services_others_customers	11	location	varchar(255)	YES		
my_services_others_customers	12	location_id	varchar(255)	YES		
my_services_particulars	1	id	int(11)	NO	PRI	auto_increment
my_services_particulars	2	particular	varchar(100)	YES		
my_services_particulars	3	amount	double	YES		
my_services_problems	1	id	int(11)	NO	PRI	auto_increment
my_services_problems	2	problem	varchar(100)	YES		
my_services_problems_customers	1	id	int(11)	NO	PRI	auto_increment
my_services_problems_customers	2	problem	varchar(100)	YES		
my_services_problems_customers	3	customer_id	varchar(100)	YES		
my_services_problems_customers	4	customer_name	varchar(100)	YES		
my_services_problems_customers	5	transaction_no	varchar(100)	YES		
my_services_problems_customers	6	date_added	datetime	YES		
my_services_problems_customers	7	amount	double	YES		
my_services_problems_customers	8	branch	varchar(255)	YES		
my_services_problems_customers	9	branch_id	varchar(255)	YES		
my_services_problems_customers	10	location	varchar(255)	YES		
my_services_problems_customers	11	location_id	varchar(255)	YES		
my_services_uom	1	id	int(11)	NO	PRI	auto_increment
my_services_uom	2	uom	varchar(100)	YES		
my_service_type	1	id	int(11)	NO	PRI	auto_increment
my_service_type	2	service	varchar(100)	YES		
my_service_type	3	branch	varchar(255)	YES		
my_service_type	4	branch_id	varchar(255)	YES		
my_service_type	5	location	varchar(255)	YES		
my_service_type	6	location_id	varchar(255)	YES		
new_inventory	1	id	int(11)	NO	PRI	auto_increment
new_inventory	2	user_name	varchar(100)	YES		
new_inventory	3	date_added	datetime	YES		
new_inventory	4	new_inventory_no	varchar(100)	YES		
new_inventory	5	status	int(11)	YES		
new_inventory_items	1	id	int(11)	NO	PRI	auto_increment
new_inventory_items	2	user_name	varchar(100)	YES		
new_inventory_items	3	date_added	datetime	YES		
new_inventory_items	4	new_inventory_no	varchar(100)	YES		
new_inventory_items	5	status	varchar(100)	YES		
new_inventory_items	6	barcode	varchar(100)	YES		
new_inventory_items	7	description	varchar(100)	YES		
new_inventory_items	8	previous_qty	double	YES		
new_inventory_items	9	new_qty	double	YES		
new_inventory_items	10	selling_price	double	YES		
new_inventory_items	11	unit	varchar(100)	YES		
new_inventory_items	12	conversion	double	YES		
new_inventory_items	13	category	varchar(100)	YES		
new_inventory_items	14	category_id	varchar(100)	YES		
new_inventory_items	15	classification	varchar(100)	YES		
new_inventory_items	16	classification_id	varchar(100)	YES		
new_inventory_items	17	sub_class	varchar(100)	YES		
new_inventory_items	18	sub_class_id	varchar(100)	YES		
notifications	1	id	int(11)	NO	PRI	auto_increment
notifications	2	user_id	varchar(255)	YES		
notifications	3	user_screen_name	varchar(255)	YES		
notifications	4	created_at	datetime	YES		
notifications	5	status	int(11)	YES		
notifications	6	remarks	text	YES		
notifications	7	module	varchar(255)	YES		
notifications	8	branch	varchar(255)	YES		
notifications	9	branch_id	varchar(255)	YES		
notifications	10	location	varchar(255)	YES		
notifications	11	location_id	varchar(255)	YES		
orders	1	id	int(11)	NO	PRI	auto_increment
orders	2	sales_no	varchar(100)	YES	UNI	
orders	3	date_added	datetime	YES		
orders	4	user_screen_name	varchar(100)	YES		
orders	5	user_id	varchar(100)	YES		
orders	6	session_no	varchar(100)	YES		
orders	7	remarks	varchar(100)	YES		
orders	8	gross_amount	double	YES		
orders	9	amount_due	double	YES		
orders	10	status	int(11)	YES		
orders	11	sales_type	int(11)	YES		
orders	12	line_discount	double	YES		
orders	13	customer_id	varchar(100)	YES		
orders	14	customer_name	varchar(100)	YES		
orders	15	discount_name	varchar(100)	YES		
orders	16	discount_rate	double	YES		
orders	17	discount_amount	double	YES		
orders	18	discount_customer_name	varchar(100)	YES		
orders	19	discount_customer_id	varchar(100)	YES		
orders	20	charge_type	varchar(100)	YES		
orders	21	charge_type_id	varchar(100)	YES		
orders	22	charge_reference_no	varchar(100)	YES		
orders	23	charge_customer_name	varchar(100)	YES		
orders	24	charge_customer_id	varchar(100)	YES		
orders	25	charge_amount	double	YES		
orders	26	check_bank	varchar(100)	YES		
orders	27	check_no	varchar(100)	YES		
orders	28	check_amount	double	YES		
orders	29	check_holder	varchar(100)	YES		
orders	30	check_date	date	YES		
orders	31	credit_card_type	varchar(100)	YES		
orders	32	credit_card_rate	double	YES		
orders	33	credit_card_amount	double	YES		
orders	34	credit_card_no	varchar(100)	YES		
orders	35	credit_card_holder	varchar(100)	YES		
orders	36	credit_card_approval_code	varchar(100)	YES		
orders	37	gift_certificate_from	varchar(100)	YES		
orders	38	gift_certificate_description	varchar(100)	YES		
orders	39	gift_certificate_no	varchar(100)	YES		
orders	40	gift_certificate_amount	double	YES		
orders	41	prepaid_customer_name	varchar(100)	YES		
orders	42	prepaid_customer_id	varchar(100)	YES		
orders	43	prepaid_amount	double	YES		
orders	44	addtl_amount	double	YES		
orders	45	wtax	double	YES		
orders	46	branch	varchar(100)	YES		
orders	47	branch_id	varchar(100)	YES		
orders	48	location	varchar(100)	YES		
orders	49	location_id	varchar(100)	YES		
order_items	1	id	int(11)	NO	PRI	auto_increment
order_items	2	sales_no	varchar(100)	YES		
order_items	3	item_code	varchar(100)	YES		
order_items	4	barcode	varchar(100)	YES		
order_items	5	description	varchar(100)	YES		
order_items	6	generic_name	varchar(100)	YES		
order_items	7	item_type	varchar(100)	YES		
order_items	8	supplier_name	varchar(100)	YES		
order_items	9	supplier_id	varchar(100)	YES		
order_items	10	serial_no	varchar(100)	YES		
order_items	11	product_qty	double	YES		
order_items	12	unit	varchar(100)	YES		
order_items	13	conversion	double	YES		
order_items	14	selling_price	double	YES		
order_items	15	date_added	datetime	YES		
order_items	16	user_id	varchar(100)	YES		
order_items	17	user_screen_name	varchar(100)	YES		
order_items	18	status	int(11)	YES		
order_items	19	is_vatable	int(11)	YES		
order_items	20	selling_type	int(11)	YES		
order_items	21	discount_name	varchar(100)	YES		
order_items	22	discount_rate	double	YES		
order_items	23	discount_amount	double	YES		
order_items	24	discount_customer_name	varchar(100)	YES		
order_items	25	discount_customer_id	varchar(100)	YES		
order_items	26	branch	varchar(100)	YES		
order_items	27	branch_code	varchar(100)	YES		
order_items	28	location	varchar(100)	YES		
order_items	29	location_id	varchar(100)	YES		
order_items	30	category	varchar(100)	YES		
order_items	31	category_id	varchar(100)	YES		
order_items	32	classification	varchar(100)	YES		
order_items	33	classification_id	varchar(100)	YES		
order_items	34	sub_classification	varchar(100)	YES		
order_items	35	sub_classification_id	varchar(100)	YES		
order_items	36	brand	varchar(100)	YES		
order_items	37	brand_id	varchar(100)	YES		
order_items	38	model	varchar(100)	YES		
order_items	39	model_id	varchar(100)	YES		
order_items	40	addtl_amount	double	YES		
order_items	41	wtax	double	YES		
other_adjustments	1	id	int(11)	NO	PRI	auto_increment
other_adjustments	2	user_id	varchar(255)	YES		
other_adjustments	3	user_screen_name	varchar(255)	YES		
other_adjustments	4	date_added	datetime	YES		
other_adjustments	5	adjustment_date	datetime	YES		
other_adjustments	6	adjustment_type	int(11)	YES		
other_adjustments	7	remarks	varchar(255)	YES		
other_adjustments	8	status	int(11)	YES		
other_adjustments	9	barcode	varchar(255)	YES		
other_adjustments	10	description	text	YES		
other_adjustments	11	category	varchar(255)	YES		
other_adjustments	12	category_id	varchar(255)	YES		
other_adjustments	13	classification	varchar(255)	YES		
other_adjustments	14	classification_id	varchar(255)	YES		
other_adjustments	15	sub_class	varchar(255)	YES		
other_adjustments	16	sub_class_id	varchar(255)	YES		
other_adjustments	17	brand	varchar(255)	YES		
other_adjustments	18	brand_id	varchar(255)	YES		
other_adjustments	19	model	varchar(255)	YES		
other_adjustments	20	model_id	varchar(255)	YES		
other_adjustments	21	conversion	double	YES		
other_adjustments	22	unit	text	YES		
other_adjustments	23	barcodes	varchar(255)	YES		
other_adjustments	24	main_barcode	varchar(255)	YES		
other_adjustments	25	previous_qty	double	YES		
other_adjustments	26	qty	double	YES		
other_adjustments	27	cost	double	YES		
other_adjustments	28	selling_price	double	YES		
other_adjustments	29	branch	varchar(255)	YES		
other_adjustments	30	branch_id	varchar(255)	YES		
other_adjustments	31	location	varchar(255)	YES		
other_adjustments	32	location_id	varchar(255)	YES		
payment_terms	1	id	int(11)	NO	PRI	auto_increment
payment_terms	2	days	double	YES		
prepaid_payments	1	id	int(11)	NO	PRI	auto_increment
prepaid_payments	2	cash	double	YES		
prepaid_payments	3	check_bank	varchar(100)	YES		
prepaid_payments	4	check_no	varchar(100)	YES		
prepaid_payments	5	check_amount	double	YES		
prepaid_payments	6	added_by	varchar(100)	YES		
prepaid_payments	7	date_added	datetime	YES		
prepaid_payments	8	customer_name	varchar(100)	YES		
prepaid_payments	9	customer_id	varchar(100)	YES		
prepaid_payments	10	status	int(11)	YES		
prepaid_payments	11	cheque_holder	varchar(1000)	YES		
prepaid_payments	12	cheque_date	date	YES		
prepaid_payments	13	user_id	varchar(100)	YES		
prepaid_payments	14	user_screen_name	varchar(100)	YES		
prepaid_payments	15	branch	varchar(100)	YES		
prepaid_payments	16	branch_id	varchar(100)	YES		
prepaid_payments	17	location	varchar(100)	YES		
prepaid_payments	18	location_id	varchar(100)	YES		
prepaid_payments	19	remarks	varchar(500)	YES		
prepaid_payments	20	refund	int(11)	YES		
prepaid_payments	21	credit_card_type	varchar(255)	YES		
prepaid_payments	22	credit_card_rate	double	YES		
prepaid_payments	23	credit_card_no	varchar(255)	YES		
prepaid_payments	24	credit_card_holder	varchar(255)	YES		
prepaid_payments	25	credit_card_amount	double	YES		
prepaid_payments	26	gift_certificate_from	varchar(255)	YES		
prepaid_payments	27	gift_certificate_description	varchar(255)	YES		
prepaid_payments	28	gift_certificate_no	varchar(255)	YES		
prepaid_payments	29	gift_certificate_amount	double	YES		
prepaid_payments	30	online_bank	varchar(255)	YES		
prepaid_payments	31	online_reference_no	varchar(255)	YES		
prepaid_payments	32	online_holder	varchar(255)	YES		
prepaid_payments	33	online_date	date	YES		
prepaid_payments	34	online_amount	double	YES		
purchase_orders	1	id	int(11)	NO	PRI	auto_increment
purchase_orders	2	po_no	varchar(100)	YES		
purchase_orders	3	user_name	varchar(500)	YES		
purchase_orders	4	session_no	varchar(500)	YES		
purchase_orders	5	date_added	datetime	YES		
purchase_orders	6	remarks	varchar(500)	YES		
purchase_orders	7	account_id	varchar(100)	YES		
purchase_orders	8	account_name	varchar(100)	YES		
purchase_orders	9	amount	double	YES		
purchase_order_items	1	id	int(11)	NO	PRI	auto_increment
purchase_order_items	2	po_no	varchar(100)	YES		
purchase_order_items	3	user_name	varchar(500)	YES		
purchase_order_items	4	session_no	varchar(500)	YES		
purchase_order_items	5	date_added	datetime	YES		
purchase_order_items	6	supplier	varchar(500)	YES		
purchase_order_items	7	supllier_id	varchar(500)	YES		
purchase_order_items	8	remarks	varchar(500)	YES		
purchase_order_items	9	barcode	varchar(500)	YES		
purchase_order_items	10	description	varchar(500)	YES		
purchase_order_items	11	qty	double	YES		
purchase_order_items	12	cost	double	YES		
purchase_order_items	13	category	varchar(500)	YES		
purchase_order_items	14	category_id	varchar(500)	YES		
purchase_order_items	15	classification	varchar(500)	YES		
purchase_order_items	16	classification_id	varchar(500)	YES		
purchase_order_items	17	sub_class	varchar(500)	YES		
purchase_order_items	18	sub_class_id	varchar(500)	YES		
purchase_order_items	19	conversion	int(11)	YES		
purchase_order_items	20	unit	varchar(500)	YES		
purchase_order_items	21	brand	varchar(100)	YES		
purchase_order_items	22	brand_id	varchar(100)	YES		
purchase_order_items	23	model	varchar(100)	YES		
purchase_order_items	24	model_id	varchar(100)	YES		
purchase_order_items	25	main_barcode	varchar(100)	YES		
receipts	1	id	int(11)	NO	PRI	auto_increment
receipts	2	receipt_no	varchar(100)	YES		
receipts	3	user_name	varchar(100)	YES		
receipts	4	session_no	varchar(100)	YES		
receipts	5	date_added	datetime	YES		
receipts	6	supplier	varchar(100)	YES		
receipts	7	supllier_id	varchar(100)	YES		
receipts	8	remarks	varchar(100)	YES		
receipts	9	date_delivered	date	YES		
receipts	10	date_received	date	YES		
receipts	11	receipt_type	varchar(100)	YES		
receipts	12	reference_no	varchar(100)	YES		
receipts	13	branch	varchar(100)	YES		
receipts	14	branch_id	varchar(100)	YES		
receipts	15	gross_total	double	YES		
receipts	16	net_total	double	YES		
receipts	17	batch_no	varchar(100)	YES		
receipts	18	discount	double	YES		
receipts	19	status	int(11)	YES		
receipts	20	receipt_type_id	varchar(100)	YES		
receipt_barcodes	1	id	int(11)	NO	PRI	auto_increment
receipt_barcodes	2	barcode	varchar(100)	YES		
receipt_endorsements	1	id	int(11)	NO	PRI	auto_increment
receipt_endorsements	2	endorsement_type	varchar(255)	YES		
receipt_endorsements	3	endorsed_user_id	int(11)	YES		
receipt_endorsements	4	endorsed_user_screen_name	varchar(255)	YES		
receipt_endorsements	5	receipt_from	varchar(255)	YES		
receipt_endorsements	6	receipt_to	varchar(255)	YES		
receipt_endorsements	7	created_at	datetime	YES		
receipt_endorsements	8	updated_at	datetime	YES		
receipt_endorsements	9	created_by	varchar(255)	YES		
receipt_endorsements	10	updated_by	varchar(255)	YES		
receipt_endorsements	11	status	int(11)	YES		
receipt_endorsement_items	1	id	int(11)	NO	PRI	auto_increment
receipt_endorsement_items	2	receipt_endorsement_id	int(11)	YES		
receipt_endorsement_items	3	endorsement_type	varchar(255)	YES		
receipt_endorsement_items	4	receipt_no	varchar(255)	YES		
receipt_endorsement_items	5	created_at	datetime	YES		
receipt_endorsement_items	6	updated_at	datetime	YES		
receipt_endorsement_items	7	created_by	varchar(255)	YES		
receipt_endorsement_items	8	updated_by	varchar(255)	YES		
receipt_endorsement_items	9	status	int(11)	YES		
receipt_items	1	id	int(11)	NO	PRI	auto_increment
receipt_items	2	receipt_no	varchar(500)	YES		
receipt_items	3	user_name	varchar(500)	YES		
receipt_items	4	session_no	varchar(500)	YES		
receipt_items	5	date_added	datetime	YES		
receipt_items	6	supplier	varchar(500)	YES		
receipt_items	7	supllier_id	varchar(500)	YES		
receipt_items	8	remarks	varchar(500)	YES		
receipt_items	9	barcode	varchar(100)	YES		
receipt_items	10	description	text	YES		
receipt_items	11	qty	double	YES		
receipt_items	12	cost	double	YES		
receipt_items	13	category	varchar(100)	YES		
receipt_items	14	category_id	varchar(100)	YES		
receipt_items	15	classification	varchar(100)	YES		
receipt_items	16	classification_id	varchar(100)	YES		
receipt_items	17	sub_class	varchar(100)	YES		
receipt_items	18	sub_class_id	varchar(100)	YES		
receipt_items	19	conversion	double	YES		
receipt_items	20	unit	text	YES		
receipt_items	21	date_delivered	date	YES		
receipt_items	22	date_received	date	YES		
receipt_items	23	barcodes	varchar(100)	YES		
receipt_items	24	batch_no	varchar(100)	YES		
receipt_items	25	serial_no	text	YES		
receipt_items	26	main_barcode	varchar(100)	YES		
receipt_items	27	brand	varchar(100)	YES		
receipt_items	28	brand_id	varchar(100)	YES		
receipt_items	29	model	varchar(100)	YES		
receipt_items	30	model_id	varchar(100)	YES		
receipt_items	31	status	int(11)	YES		
receipt_items	32	previous_cost	double	YES		
receipt_items	33	receipt_type_id	varchar(100)	YES		
receipt_items	34	branch	varchar(100)	YES		
receipt_items	35	branch_id	varchar(100)	YES		
receipt_items	36	location	varchar(100)	YES		
receipt_items	37	location_id	varchar(100)	YES		
receipt_serial_nos	1	id	int(11)	NO	PRI	auto_increment
receipt_serial_nos	2	serial_no	varchar(100)	YES		
requisition_slips	1	id	int(11)	NO	PRI	auto_increment
requisition_slips	2	requisition_slip_no	varchar(255)	YES		
requisition_slips	3	requisition_date	date	YES		
requisition_slips	4	requisition_type	varchar(255)	YES		
requisition_slips	5	requisition_department	varchar(255)	YES		
requisition_slips	6	requisition_department_id	varchar(255)	YES		
requisition_slips	7	requested_by	varchar(255)	YES		
requisition_slips	8	branch	varchar(255)	YES		
requisition_slips	9	branch_id	varchar(255)	YES		
requisition_slips	10	location	varchar(255)	YES		
requisition_slips	11	location_id	varchar(255)	YES		
requisition_slips	12	date_added	datetime	YES		
requisition_slips	13	status	int(11)	YES		
requisition_slip_items	1	id	int(11)	NO	PRI	auto_increment
requisition_slip_items	2	requisition_slip_no	varchar(255)	YES		
requisition_slip_items	3	requisition_date	date	YES		
requisition_slip_items	4	requisition_type	varchar(255)	YES		
requisition_slip_items	5	requisition_department	varchar(255)	YES		
requisition_slip_items	6	requisition_department_id	varchar(255)	YES		
requisition_slip_items	7	requested_by	varchar(255)	YES		
requisition_slip_items	8	item_code	varchar(255)	YES		
requisition_slip_items	9	barcode	varchar(255)	YES		
requisition_slip_items	10	description	varchar(255)	YES		
requisition_slip_items	11	product_qty	double	YES		
requisition_slip_items	12	unit	text	YES		
requisition_slip_items	13	cost	double	YES		
requisition_slip_items	14	selling_price	double	YES		
requisition_slip_items	15	branch	varchar(255)	YES		
requisition_slip_items	16	branch_id	varchar(255)	YES		
requisition_slip_items	17	location	varchar(255)	YES		
requisition_slip_items	18	location_id	varchar(255)	YES		
requisition_slip_items	19	date_added	datetime	YES		
requisition_slip_items	20	status	int(11)	YES		
return_from_customers	1	id	int(11)	NO	PRI	auto_increment
return_from_customers	2	return_from_customer_no	varchar(255)	YES		
return_from_customers	3	user_name	varchar(255)	YES		
return_from_customers	4	session_no	varchar(255)	YES		
return_from_customers	5	date_added	datetime	YES		
return_from_customers	6	supplier	varchar(255)	YES		
return_from_customers	7	supplier_id	varchar(255)	YES		
return_from_customers	8	reference_no	varchar(255)	YES		
return_from_customers	9	remarks	varchar(255)	YES		
return_from_customers	10	status	int(11)	YES		
return_from_customers	11	branch	varchar(255)	YES		
return_from_customers	12	branch_id	varchar(255)	YES		
return_from_customers	13	location	varchar(255)	YES		
return_from_customers	14	location_id	varchar(255)	YES		
return_from_customers	15	gross_total	double	YES		
return_from_customers	16	discount	varchar(255)	YES		
return_from_customers	17	discount_amount	double	YES		
return_from_customers	18	discount_rate	double	YES		
return_from_customers	19	cash	double	YES		
return_from_customers	20	prepaid_customer_name	varchar(255)	YES		
return_from_customers	21	prepaid_customer_id	varchar(255)	YES		
return_from_customers	22	prepaid_amount	double	YES		
return_from_customers	23	charge_reference_no	varchar(255)	YES		
return_from_customers	24	charge_ar_no	varchar(255)	YES		
return_from_customers	25	charge_type	varchar(255)	YES		
return_from_customers	26	charge_customer_name	varchar(255)	YES		
return_from_customers	27	charge_customer_id	varchar(255)	YES		
return_from_customers	28	charge_amount	double	YES		
return_from_customers	29	charge_days	int(11)	YES		
return_from_customer_items	1	id	int(11)	NO	PRI	auto_increment
return_from_customer_items	2	return_from_customer_no	varchar(255)	YES		
return_from_customer_items	3	user_name	varchar(255)	YES		
return_from_customer_items	4	session_no	varchar(255)	YES		
return_from_customer_items	5	date_added	datetime	YES		
return_from_customer_items	6	supplier	varchar(255)	YES		
return_from_customer_items	7	supplier_id	varchar(255)	YES		
return_from_customer_items	8	reference_no	varchar(255)	YES		
return_from_customer_items	9	remarks	varchar(255)	YES		
return_from_customer_items	10	barcode	varchar(255)	YES		
return_from_customer_items	11	description	varchar(255)	YES		
return_from_customer_items	12	category	varchar(255)	YES		
return_from_customer_items	13	category_id	varchar(255)	YES		
return_from_customer_items	14	classification	varchar(255)	YES		
return_from_customer_items	15	classification_id	varchar(255)	YES		
return_from_customer_items	16	sub_class	varchar(255)	YES		
return_from_customer_items	17	sub_class_id	varchar(255)	YES		
return_from_customer_items	18	brand	varchar(255)	YES		
return_from_customer_items	19	brand_id	varchar(255)	YES		
return_from_customer_items	20	model	varchar(255)	YES		
return_from_customer_items	21	model_id	varchar(255)	YES		
return_from_customer_items	22	conversion	double	YES		
return_from_customer_items	23	unit	varchar(255)	YES		
return_from_customer_items	24	barcodes	varchar(255)	YES		
return_from_customer_items	25	batch_no	varchar(255)	YES		
return_from_customer_items	26	serial_no	varchar(255)	YES		
return_from_customer_items	27	main_barcode	varchar(255)	YES		
return_from_customer_items	28	qty	double	YES		
return_from_customer_items	29	cost	double	YES		
return_from_customer_items	30	status	int(11)	YES		
return_from_customer_items	31	branch	varchar(255)	YES		
return_from_customer_items	32	branch_id	varchar(255)	YES		
return_from_customer_items	33	location	varchar(255)	YES		
return_from_customer_items	34	location_id	varchar(255)	YES		
return_from_customer_items	35	cash	double	YES		
return_from_customer_items	36	prepaid_customer_name	varchar(255)	YES		
return_from_customer_items	37	prepaid_customer_id	varchar(255)	YES		
return_from_customer_items	38	prepaid_amount	double	YES		
return_from_customer_items	39	charge_reference_no	varchar(255)	YES		
return_from_customer_items	40	charge_ar_no	varchar(255)	YES		
return_from_customer_items	41	charge_type	varchar(255)	YES		
return_from_customer_items	42	charge_customer_name	varchar(255)	YES		
return_from_customer_items	43	charge_customer_id	varchar(255)	YES		
return_from_customer_items	44	charge_amount	double	YES		
return_from_customer_items	45	charge_days	int(11)	YES		
return_from_customer_items	46	selling_price	double	YES		
return_to_suppliers	1	id	int(11)	NO	PRI	auto_increment
return_to_suppliers	2	return_to_supplier_no	varchar(255)	YES		
return_to_suppliers	3	user_name	varchar(255)	YES		
return_to_suppliers	4	session_no	varchar(255)	YES		
return_to_suppliers	5	date_added	datetime	YES		
return_to_suppliers	6	supplier	varchar(255)	YES		
return_to_suppliers	7	supplier_id	varchar(255)	YES		
return_to_suppliers	8	reference_no	varchar(255)	YES		
return_to_suppliers	9	remarks	varchar(255)	YES		
return_to_suppliers	10	status	int(11)	YES		
return_to_suppliers	11	branch	varchar(255)	YES		
return_to_suppliers	12	branch_id	varchar(255)	YES		
return_to_suppliers	13	location	varchar(255)	YES		
return_to_suppliers	14	location_id	varchar(255)	YES		
return_to_suppliers	15	gross_total	double	YES		
return_to_suppliers	16	discount	varchar(255)	YES		
return_to_suppliers	17	discount_amount	double	YES		
return_to_suppliers	18	discount_rate	double	YES		
return_to_supplier_items	1	id	int(11)	NO	PRI	auto_increment
return_to_supplier_items	2	return_to_supplier_no	varchar(255)	YES		
return_to_supplier_items	3	user_name	varchar(255)	YES		
return_to_supplier_items	4	session_no	varchar(255)	YES		
return_to_supplier_items	5	date_added	datetime	YES		
return_to_supplier_items	6	supplier	varchar(255)	YES		
return_to_supplier_items	7	supplier_id	varchar(255)	YES		
return_to_supplier_items	8	reference_no	varchar(255)	YES		
return_to_supplier_items	9	remarks	varchar(255)	YES		
return_to_supplier_items	10	barcode	varchar(255)	YES		
return_to_supplier_items	11	description	varchar(255)	YES		
return_to_supplier_items	12	category	varchar(255)	YES		
return_to_supplier_items	13	category_id	varchar(255)	YES		
return_to_supplier_items	14	classification	varchar(255)	YES		
return_to_supplier_items	15	classification_id	varchar(255)	YES		
return_to_supplier_items	16	sub_class	varchar(255)	YES		
return_to_supplier_items	17	sub_class_id	varchar(255)	YES		
return_to_supplier_items	18	brand	varchar(255)	YES		
return_to_supplier_items	19	brand_id	varchar(255)	YES		
return_to_supplier_items	20	model	varchar(255)	YES		
return_to_supplier_items	21	model_id	varchar(255)	YES		
return_to_supplier_items	22	conversion	double	YES		
return_to_supplier_items	23	unit	varchar(255)	YES		
return_to_supplier_items	24	barcodes	varchar(255)	YES		
return_to_supplier_items	25	batch_no	varchar(255)	YES		
return_to_supplier_items	26	serial_no	varchar(255)	YES		
return_to_supplier_items	27	main_barcode	varchar(255)	YES		
return_to_supplier_items	28	qty	double	YES		
return_to_supplier_items	29	cost	double	YES		
return_to_supplier_items	30	status	int(11)	YES		
return_to_supplier_items	31	branch	varchar(255)	YES		
return_to_supplier_items	32	branch_id	varchar(255)	YES		
return_to_supplier_items	33	location	varchar(255)	YES		
return_to_supplier_items	34	location_id	varchar(255)	YES		
rmas	1	transaction_no	varchar(255)	YES		
rmas	2	date_returned	datetime	YES		
rmas	3	reference_no	varchar(255)	YES		
rmas	4	remarks	varchar(255)	YES		
rmas	5	courier_reference_no	varchar(255)	YES		
rmas	6	courier_details	varchar(255)	YES		
rmas	7	courier_date_received	datetime	YES		
rmas	8	status	int(11)	YES		
rmas	9	is_complete	int(11)	YES		
rmas	10	supplier_id	varchar(255)	YES		
rmas	11	supplier_name	varchar(255)	YES		
rmas	12	created_at	datetime	YES		
rmas	13	created_by	varchar(255)	YES		
rmas	14	updated_at	datetime	YES		
rmas	15	updated_by	varchar(255)	YES		
rmas	16	branch	varchar(255)	YES		
rmas	17	branch_id	varchar(255)	YES		
rmas	18	location	varchar(255)	YES		
rmas	19	location_id	varchar(255)	YES		
rma_items	1	transaction_no	varchar(255)	YES		
rma_items	2	date_returned	datetime	YES		
rma_items	3	reference_no	varchar(255)	YES		
rma_items	4	remarks	varchar(255)	YES		
rma_items	5	courier_reference_no	varchar(255)	YES		
rma_items	6	courier_details	varchar(255)	YES		
rma_items	7	courier_date_received	datetime	YES		
rma_items	8	status	int(11)	YES		
rma_items	9	supplier_id	varchar(255)	YES		
rma_items	10	supplier_name	varchar(255)	YES		
rma_items	11	created_at	datetime	YES		
rma_items	12	created_by	varchar(255)	YES		
rma_items	13	updated_at	datetime	YES		
rma_items	14	updated_by	varchar(255)	YES		
rma_items	15	item_code	varchar(255)	YES		
rma_items	16	barcode	varchar(255)	YES		
rma_items	17	description	varchar(255)	YES		
rma_items	18	product_qty	double	YES		
rma_items	19	cost	double	YES		
rma_items	20	category	varchar(255)	YES		
rma_items	21	category_id	varchar(255)	YES		
rma_items	22	classification	varchar(255)	YES		
rma_items	23	classification_id	varchar(255)	YES		
rma_items	24	sub_classification	varchar(255)	YES		
rma_items	25	sub_classification_id	varchar(255)	YES		
rma_items	26	brand	varchar(255)	YES		
rma_items	27	brand_id	varchar(255)	YES		
rma_items	28	model	varchar(255)	YES		
rma_items	29	model_id	varchar(255)	YES		
rma_items	30	unit	varchar(255)	YES		
rma_items	31	selling_price	double	YES		
rma_items	32	conversion	double	YES		
rma_items	33	old_serial_no	varchar(255)	YES		
rma_items	34	new_serial_no	varchar(255)	YES		
rma_items	35	item_type	int(11)	YES		
rma_items	36	item_transaction_reference_no	varchar(255)	YES		
rma_items	37	customer_id	varchar(255)	YES		
rma_items	38	customer_name	varchar(255)	YES		
rma_items	39	branch	varchar(255)	YES		
rma_items	40	branch_id	varchar(255)	YES		
rma_items	41	location	varchar(255)	YES		
rma_items	42	location_id	varchar(255)	YES		
sales	1	id	int(11)	NO	PRI	auto_increment
sales	2	sales_no	varchar(100)	NO	PRI	
sales	3	date_added	datetime	YES		
sales	4	user_screen_name	varchar(100)	YES		
sales	5	user_id	varchar(100)	YES		
sales	6	session_no	varchar(100)	YES		
sales	7	remarks	varchar(100)	YES		
sales	8	gross_amount	double	YES		
sales	9	amount_due	double	YES		
sales	10	status	int(11)	YES		
sales	11	sales_type	int(11)	YES		
sales	12	line_discount	double	YES		
sales	13	customer_id	varchar(100)	YES		
sales	14	customer_name	varchar(100)	YES		
sales	15	discount_name	varchar(100)	YES		
sales	16	discount_rate	double	YES		
sales	17	discount_amount	double	YES		
sales	18	discount_customer_name	varchar(100)	YES		
sales	19	discount_customer_id	varchar(100)	YES		
sales	20	charge_type	varchar(100)	YES		
sales	21	charge_type_id	varchar(100)	YES		
sales	22	charge_reference_no	varchar(100)	YES		
sales	23	charge_customer_name	varchar(100)	YES		
sales	24	charge_customer_id	varchar(100)	YES		
sales	25	charge_amount	double	YES		
sales	26	check_bank	varchar(100)	YES		
sales	27	check_no	varchar(100)	YES		
sales	28	check_amount	double	YES		
sales	29	check_holder	varchar(100)	YES		
sales	30	check_date	date	YES		
sales	31	credit_card_type	varchar(100)	YES		
sales	32	credit_card_rate	double	YES		
sales	33	credit_card_amount	double	YES		
sales	34	credit_card_no	varchar(100)	YES		
sales	35	credit_card_holder	varchar(100)	YES		
sales	36	credit_card_approval_code	varchar(100)	YES		
sales	37	gift_certificate_from	varchar(100)	YES		
sales	38	gift_certificate_description	varchar(100)	YES		
sales	39	gift_certificate_no	varchar(100)	YES		
sales	40	gift_certificate_amount	double	YES		
sales	41	prepaid_customer_name	varchar(100)	YES		
sales	42	prepaid_customer_id	varchar(100)	YES		
sales	43	prepaid_amount	double	YES		
sales	44	addtl_amount	double	YES		
sales	45	wtax	double	YES		
sales	46	branch	varchar(100)	YES		
sales	47	branch_id	varchar(100)	YES		
sales	48	location	varchar(100)	YES		
sales	49	location_id	varchar(100)	YES		
sales	50	online_bank	varchar(255)	YES		
sales	51	online_reference_no	varchar(255)	YES		
sales	52	online_amount	double	YES		
sales	53	online_holder	varchar(255)	YES		
sales	54	online_date	date	YES		
sales	55	ref_or_no	varchar(255)	YES		
sales	56	ref_si_no	varchar(255)	YES		
sales	57	ref_cr_no	varchar(255)	YES		
sales_item	1	id	int(11)	NO	PRI	auto_increment
sales_item	2	barcode	varchar(500)	YES		
sales_item	3	description	varchar(500)	YES		
sales_item	4	generic_name	varchar(500)	YES		
sales_item	5	category	varchar(500)	YES		
sales_item	6	category_id	varchar(500)	YES		
sales_item	7	classification	varchar(500)	YES		
sales_item	8	classification_id	varchar(500)	YES		
sales_item	9	sub_classification	varchar(500)	YES		
sales_item	10	sub_classification_id	varchar(500)	YES		
sales_item	11	product_qty	double	YES		
sales_item	12	unit	varchar(500)	YES		
sales_item	13	conversion	double	YES		
sales_item	14	selling_price	double	YES		
sales_item	15	date_added	datetime	YES		
sales_item	16	user_name	varchar(500)	YES		
sales_item	17	item_type	varchar(500)	YES		
sales_item	18	status	int(11)	YES		
sales_item	19	supplier	varchar(500)	YES		
sales_item	20	fixed_price	int(11)	YES		
sales_item	21	cost	double	YES		
sales_item	22	supplier_id	varchar(500)	YES		
sales_item	23	multi_level_pricing	int(11)	YES		
sales_item	24	vatable	int(11)	YES		
sales_item	25	reorder_level	double	YES		
sales_item	26	markup	double	YES		
sales_item	27	main_barcode	varchar(500)	YES		
sales_item	28	brand	varchar(500)	YES		
sales_item	29	brand_id	varchar(500)	YES		
sales_item	30	model	varchar(500)	YES		
sales_item	31	model_id	varchar(500)	YES		
sales_item	32	selling_type	int(11)	YES		
sales_item	33	branch	varchar(500)	YES		
sales_item	34	branch_code	varchar(500)	YES		
sales_item	35	location	varchar(500)	YES		
sales_item	36	location_id	varchar(500)	YES		
sales_item	37	discount_name	varchar(100)	YES		
sales_item	38	discount_rate	double	YES		
sales_item	39	discount_amount	double	YES		
sales_item	40	added_by	varchar(100)	YES		
sales_item	41	or_no	varchar(100)	YES		
sales_item	42	serial_no	text	YES		
sales_item	43	discount_customer_name	varchar(100)	YES		
sales_item	44	discount_customer_id	varchar(100)	YES		
sales_on_account	1	id	int(11)	NO	PRI	auto_increment
sales_on_account	2	soa_type	varchar(100)	YES		
sales_on_account	3	soa_type_id	varchar(100)	YES		
sales_on_account	4	soa_date	date	YES		
sales_on_account	5	date_added	datetime	YES		
sales_on_account	6	added_by	varchar(100)	YES		
sales_on_account	7	reference_no	varchar(100)	YES		
sales_on_account	8	client_name	varchar(100)	YES		
sales_on_account	9	client_id	varchar(100)	YES		
sales_on_account	10	amount	double	YES		
sales_orders	1	id	int(11)	NO	PRI	auto_increment
sales_orders	2	sales_no	varchar(100)	YES	UNI	
sales_orders	3	date_added	datetime	YES		
sales_orders	4	user_screen_name	varchar(100)	YES		
sales_orders	5	user_id	varchar(100)	YES		
sales_orders	6	session_no	varchar(100)	YES		
sales_orders	7	remarks	varchar(100)	YES		
sales_orders	8	gross_amount	double	YES		
sales_orders	9	amount_due	double	YES		
sales_orders	10	status	int(11)	YES		
sales_orders	11	sales_type	int(11)	YES		
sales_orders	12	line_discount	double	YES		
sales_orders	13	customer_id	varchar(100)	YES		
sales_orders	14	customer_name	varchar(100)	YES		
sales_orders	15	discount_name	varchar(100)	YES		
sales_orders	16	discount_rate	double	YES		
sales_orders	17	discount_amount	double	YES		
sales_orders	18	discount_customer_name	varchar(100)	YES		
sales_orders	19	discount_customer_id	varchar(100)	YES		
sales_orders	20	charge_type	varchar(100)	YES		
sales_orders	21	charge_type_id	varchar(100)	YES		
sales_orders	22	charge_reference_no	varchar(100)	YES		
sales_orders	23	charge_customer_name	varchar(100)	YES		
sales_orders	24	charge_customer_id	varchar(100)	YES		
sales_orders	25	charge_amount	double	YES		
sales_orders	26	check_bank	varchar(100)	YES		
sales_orders	27	check_no	varchar(100)	YES		
sales_orders	28	check_amount	double	YES		
sales_orders	29	check_holder	varchar(100)	YES		
sales_orders	30	check_date	date	YES		
sales_orders	31	credit_card_type	varchar(100)	YES		
sales_orders	32	credit_card_rate	double	YES		
sales_orders	33	credit_card_amount	double	YES		
sales_orders	34	credit_card_no	varchar(100)	YES		
sales_orders	35	credit_card_holder	varchar(100)	YES		
sales_orders	36	credit_card_approval_code	varchar(100)	YES		
sales_orders	37	gift_certificate_from	varchar(100)	YES		
sales_orders	38	gift_certificate_description	varchar(100)	YES		
sales_orders	39	gift_certificate_no	varchar(100)	YES		
sales_orders	40	gift_certificate_amount	double	YES		
sales_orders	41	prepaid_customer_name	varchar(100)	YES		
sales_orders	42	prepaid_customer_id	varchar(100)	YES		
sales_orders	43	prepaid_amount	double	YES		
sales_orders	44	addtl_amount	double	YES		
sales_orders	45	wtax	double	YES		
sales_orders	46	branch	varchar(100)	YES		
sales_orders	47	branch_id	varchar(100)	YES		
sales_orders	48	location	varchar(100)	YES		
sales_orders	49	location_id	varchar(100)	YES		
sales_order_items	1	id	int(11)	NO	PRI	auto_increment
sales_order_items	2	sales_no	varchar(100)	YES		
sales_order_items	3	item_code	varchar(100)	YES		
sales_order_items	4	barcode	varchar(100)	YES		
sales_order_items	5	description	varchar(100)	YES		
sales_order_items	6	generic_name	varchar(100)	YES		
sales_order_items	7	item_type	varchar(100)	YES		
sales_order_items	8	supplier_name	varchar(100)	YES		
sales_order_items	9	supplier_id	varchar(100)	YES		
sales_order_items	10	serial_no	varchar(100)	YES		
sales_order_items	11	product_qty	double	YES		
sales_order_items	12	unit	text	YES		
sales_order_items	13	conversion	double	YES		
sales_order_items	14	selling_price	double	YES		
sales_order_items	15	date_added	datetime	YES		
sales_order_items	16	user_id	varchar(100)	YES		
sales_order_items	17	user_screen_name	varchar(100)	YES		
sales_order_items	18	status	int(11)	YES		
sales_order_items	19	is_vatable	int(11)	YES		
sales_order_items	20	selling_type	int(11)	YES		
sales_order_items	21	discount_name	varchar(100)	YES		
sales_order_items	22	discount_rate	double	YES		
sales_order_items	23	discount_amount	double	YES		
sales_order_items	24	discount_customer_name	varchar(100)	YES		
sales_order_items	25	discount_customer_id	varchar(100)	YES		
sales_order_items	26	branch	varchar(100)	YES		
sales_order_items	27	branch_code	varchar(100)	YES		
sales_order_items	28	location	varchar(100)	YES		
sales_order_items	29	location_id	varchar(100)	YES		
sales_order_items	30	category	varchar(100)	YES		
sales_order_items	31	category_id	varchar(100)	YES		
sales_order_items	32	classification	varchar(100)	YES		
sales_order_items	33	classification_id	varchar(100)	YES		
sales_order_items	34	sub_classification	varchar(100)	YES		
sales_order_items	35	sub_classification_id	varchar(100)	YES		
sales_order_items	36	brand	varchar(100)	YES		
sales_order_items	37	brand_id	varchar(100)	YES		
sales_order_items	38	model	varchar(100)	YES		
sales_order_items	39	model_id	varchar(100)	YES		
sales_order_items	40	addtl_amount	double	YES		
sales_order_items	41	wtax	double	YES		
sales_services	1	id	int(11)	NO	PRI	auto_increment
sales_services	2	or_no	varchar(100)	YES		
sales_services	3	service_name	varchar(100)	YES		
sales_services	4	service_amount	double	YES		
sales_services	5	date_added	datetime	YES		
sales_services	6	user_name	varchar(100)	YES		
sales_services	7	status	int(11)	YES		
sales_services	8	session_no	varchar(100)	YES		
sale_items	1	id	int(11)	NO	PRI	auto_increment
sale_items	2	sales_no	varchar(100)	YES		
sale_items	3	item_code	varchar(100)	YES		
sale_items	4	barcode	varchar(100)	YES		
sale_items	5	description	text	YES		
sale_items	6	generic_name	text	YES		
sale_items	7	item_type	text	YES		
sale_items	8	supplier_name	varchar(100)	YES		
sale_items	9	supplier_id	varchar(100)	YES		
sale_items	10	serial_no	text	YES		
sale_items	11	product_qty	double	YES		
sale_items	12	unit	text	YES		
sale_items	13	conversion	double	YES		
sale_items	14	selling_price	double	YES		
sale_items	15	date_added	datetime	YES		
sale_items	16	user_id	varchar(100)	YES		
sale_items	17	user_screen_name	varchar(100)	YES		
sale_items	18	status	int(11)	YES		
sale_items	19	is_vatable	int(11)	YES		
sale_items	20	selling_type	int(11)	YES		
sale_items	21	discount_name	varchar(100)	YES		
sale_items	22	discount_rate	double	YES		
sale_items	23	discount_amount	double	YES		
sale_items	24	discount_customer_name	varchar(100)	YES		
sale_items	25	discount_customer_id	varchar(100)	YES		
sale_items	26	branch	varchar(100)	YES		
sale_items	27	branch_code	varchar(100)	YES		
sale_items	28	location	varchar(100)	YES		
sale_items	29	location_id	varchar(100)	YES		
sale_items	30	category	varchar(100)	YES		
sale_items	31	category_id	varchar(100)	YES		
sale_items	32	classification	varchar(100)	YES		
sale_items	33	classification_id	varchar(100)	YES		
sale_items	34	sub_classification	varchar(100)	YES		
sale_items	35	sub_classification_id	varchar(100)	YES		
sale_items	36	brand	varchar(100)	YES		
sale_items	37	brand_id	varchar(100)	YES		
sale_items	38	model	text	YES		
sale_items	39	model_id	varchar(100)	YES		
sale_items	40	addtl_amount	double	YES		
sale_items	41	wtax	double	YES		
sale_items	42	cost	double	YES		
sale_item_consumptions	1	id	int(11)	NO	PRI	auto_increment
sale_item_consumptions	2	sales_item_id	varchar(255)	YES		
sale_item_consumptions	3	sales_no	varchar(255)	YES		
sale_item_consumptions	4	ar_no	varchar(255)	YES		
sale_item_consumptions	5	ar_reference_no	varchar(255)	YES		
sale_item_consumptions	6	ar_customer_id	varchar(255)	YES		
sale_item_consumptions	7	ar_customer_name	varchar(255)	YES		
sale_item_consumptions	8	created_at	datetime	YES		
sale_item_consumptions	9	updated_at	datetime	YES		
sale_item_consumptions	10	created_by	varchar(255)	YES		
sale_item_consumptions	11	updated_by	varchar(255)	YES		
sale_item_consumptions	12	item_code	varchar(255)	YES		
sale_item_consumptions	13	barcode	varchar(255)	YES		
sale_item_consumptions	14	description	varchar(255)	YES		
sale_item_consumptions	15	product_qty	double	YES		
sale_item_consumptions	16	unit	varchar(255)	YES		
sale_item_consumptions	17	conversion	double	YES		
sale_item_consumptions	18	selling_price	double	YES		
sale_item_consumptions	19	branch	varchar(255)	YES		
sale_item_consumptions	20	branch_id	varchar(255)	YES		
sale_item_consumptions	21	location	varchar(255)	YES		
sale_item_consumptions	22	location_id	varchar(255)	YES		
sale_item_consumptions	23	consumed	double	YES		
sale_item_consumptions	24	status	int(11)	YES		
sale_item_consumption_details	1	id	int(11)	NO	PRI	auto_increment
sale_item_consumption_details	2	consumption_id	varchar(255)	YES		
sale_item_consumption_details	3	sales_item_id	varchar(255)	YES		
sale_item_consumption_details	4	sales_no	varchar(255)	YES		
sale_item_consumption_details	5	ar_no	varchar(255)	YES		
sale_item_consumption_details	6	ar_reference_no	varchar(255)	YES		
sale_item_consumption_details	7	ar_customer_id	varchar(255)	YES		
sale_item_consumption_details	8	ar_customer_name	varchar(255)	YES		
sale_item_consumption_details	9	created_at	datetime	YES		
sale_item_consumption_details	10	updated_at	datetime	YES		
sale_item_consumption_details	11	created_by	varchar(255)	YES		
sale_item_consumption_details	12	updated_by	varchar(255)	YES		
sale_item_consumption_details	13	item_code	varchar(255)	YES		
sale_item_consumption_details	14	barcode	varchar(255)	YES		
sale_item_consumption_details	15	description	varchar(255)	YES		
sale_item_consumption_details	16	product_qty	double	YES		
sale_item_consumption_details	17	unit	varchar(255)	YES		
sale_item_consumption_details	18	conversion	double	YES		
sale_item_consumption_details	19	selling_price	double	YES		
sale_item_consumption_details	20	branch	varchar(255)	YES		
sale_item_consumption_details	21	branch_id	varchar(255)	YES		
sale_item_consumption_details	22	location	varchar(255)	YES		
sale_item_consumption_details	23	location_id	varchar(255)	YES		
sale_item_consumption_details	24	consumed	double	YES		
sale_item_consumption_details	25	status	int(11)	YES		
sale_item_replacements	1	id	int(11)	NO	PRI	auto_increment
sale_item_replacements	2	sales_no	varchar(100)	YES		
sale_item_replacements	3	item_code	varchar(100)	YES		
sale_item_replacements	4	barcode	varchar(100)	YES		
sale_item_replacements	5	description	varchar(100)	YES		
sale_item_replacements	6	generic_name	varchar(100)	YES		
sale_item_replacements	7	item_type	varchar(100)	YES		
sale_item_replacements	8	supplier_name	varchar(100)	YES		
sale_item_replacements	9	supplier_id	varchar(100)	YES		
sale_item_replacements	10	serial_no	varchar(100)	YES		
sale_item_replacements	11	product_qty	double	YES		
sale_item_replacements	12	unit	text	YES		
sale_item_replacements	13	conversion	double	YES		
sale_item_replacements	14	selling_price	double	YES		
sale_item_replacements	15	date_added	datetime	YES		
sale_item_replacements	16	user_id	varchar(100)	YES		
sale_item_replacements	17	user_screen_name	varchar(100)	YES		
sale_item_replacements	18	status	int(11)	YES		
sale_item_replacements	19	is_vatable	int(11)	YES		
sale_item_replacements	20	selling_type	int(11)	YES		
sale_item_replacements	21	discount_name	varchar(100)	YES		
sale_item_replacements	22	discount_rate	double	YES		
sale_item_replacements	23	discount_amount	double	YES		
sale_item_replacements	24	discount_customer_name	varchar(100)	YES		
sale_item_replacements	25	discount_customer_id	varchar(100)	YES		
sale_item_replacements	26	branch	varchar(100)	YES		
sale_item_replacements	27	branch_code	varchar(100)	YES		
sale_item_replacements	28	location	varchar(100)	YES		
sale_item_replacements	29	location_id	varchar(100)	YES		
sale_item_replacements	30	category	varchar(100)	YES		
sale_item_replacements	31	category_id	varchar(100)	YES		
sale_item_replacements	32	classification	varchar(100)	YES		
sale_item_replacements	33	classification_id	varchar(100)	YES		
sale_item_replacements	34	sub_classification	varchar(100)	YES		
sale_item_replacements	35	sub_classification_id	varchar(100)	YES		
sale_item_replacements	36	brand	varchar(100)	YES		
sale_item_replacements	37	brand_id	varchar(100)	YES		
sale_item_replacements	38	model	varchar(100)	YES		
sale_item_replacements	39	model_id	varchar(100)	YES		
sale_item_replacements	40	is_replacement	int(11)	YES		
sale_item_replacements	41	reason	text	YES		
sale_slip_nos	1	id	int(11)	NO	PRI	auto_increment
sale_slip_nos	2	sales_no	varchar(255)	YES		
sale_slip_nos	3	transaction_no	varchar(255)	YES		
sale_slip_nos	4	slip_no	varchar(255)	YES		
sale_slip_nos	5	no_of_items	int(11)	YES		
sale_slip_nos	6	created_at	datetime	YES		
sale_slip_nos	7	created_by	varchar(255)	YES		
sale_slip_nos	8	branch	varchar(255)	YES		
sale_slip_nos	9	branch_id	varchar(255)	YES		
sale_slip_nos	10	location	varchar(255)	YES		
sale_slip_nos	11	location_id	varchar(255)	YES		
selling_type	1	id	int(11)	NO	PRI	auto_increment
selling_type	2	name	varchar(100)	YES		
services	1	id	int(11)	NO	PRI	auto_increment
services	2	service_name	varchar(100)	YES		
services	3	amount	double	YES		
settings	1	id	int(11)	NO	PRI	auto_increment
settings	2	company_name	varchar(255)	YES		
settings	3	company_address	varchar(255)	YES		
settings	4	company_operated_by	varchar(255)	YES		
settings	5	company_slogan	varchar(255)	YES		
settings	6	company_contact_no	varchar(255)	YES		
settings	7	company_fax_no	varchar(255)	YES		
settings	8	company_email_address	varchar(255)	YES		
settings	9	bir_serial_no	varchar(255)	YES		
settings	10	bir_permit_no	varchar(255)	YES		
settings	11	bir_accreditation_no	varchar(255)	YES		
settings	12	bir_tin	varchar(255)	YES		
settings	13	bir_machine_no	varchar(255)	YES		
settings	14	bir_min_no	varchar(255)	YES		
settings	15	bir_business_type	varchar(255)	YES		
settings	16	bir_vat_percent	varchar(255)	YES		
settings	17	bir_receipt_footer	varchar(255)	YES		
settings	18	bir_invoice_footer	varchar(255)	YES		
settings	19	receipt_printing_enabled	int(11)	YES		
settings	20	receipt_printer_show_dialog	int(11)	YES		
settings	21	kitchen_printing_enable	int(11)	YES		
settings	22	allow_negative_inventory	int(11)	YES		
settings	23	is_server	int(11)	YES		
settings	24	location	varchar(255)	YES		
settings	25	receipt_printing_enabled2	int(11)	YES		
settings	26	drawer	varchar(255)	YES		
settings	27	developer	varchar(255)	YES		
settings	28	developer_address	varchar(255)	YES		
settings	29	developer_tin_no	varchar(255)	YES		
settings	30	developer_accreditation_no	varchar(255)	YES		
settings	31	developer_accreditation_date	varchar(255)	YES		
settings	32	developer_contact_no	varchar(255)	YES		
settings	33	module_software_type	varchar(255)	YES		
settings	34	module_accounts_payable	int(11)	YES		
settings	35	module_accounts_receivable	int(11)	YES		
settings	36	module_services	int(11)	YES		
settings	37	module_prepayments	int(11)	YES		
settings	38	module_requisition_slip	int(11)	YES		
settings	39	module_charge_in_advance	int(11)	YES		
settings	40	is_main_branch	int(11)	YES		
settings	41	version	varchar(255)	YES		
settings	42	cloud_host	varchar(255)	YES		
settings	43	cloud_port	varchar(255)	YES		
settings	44	cloud_user	varchar(255)	YES		
settings	45	cloud_password	varchar(255)	YES		
settings	46	cloud_db	varchar(255)	YES		
settings	47	ar_footer	varchar(255)	YES		
sheet	1	id	int(11)	NO	PRI	auto_increment
sheet	2	no	int(11)	YES		
stock_takes	1	id	int(11)	NO	PRI	auto_increment
stock_takes	2	stock_take_no	varchar(255)	YES		
stock_takes	3	user_id	varchar(255)	YES		
stock_takes	4	user_screen_name	varchar(255)	YES		
stock_takes	5	date_added	datetime	YES		
stock_takes	6	remarks	varchar(255)	YES		
stock_takes	7	status	int(11)	YES		
stock_takes	8	branch	varchar(255)	YES		
stock_takes	9	branch_id	varchar(255)	YES		
stock_takes	10	location	varchar(255)	YES		
stock_takes	11	location_id	varchar(255)	YES		
stock_take_items	1	id	int(11)	NO	PRI	auto_increment
stock_take_items	2	stock_take_no	varchar(255)	YES		
stock_take_items	3	user_id	varchar(255)	YES		
stock_take_items	4	user_screen_name	varchar(255)	YES		
stock_take_items	5	date_added	datetime	YES		
stock_take_items	6	remarks	varchar(255)	YES		
stock_take_items	7	barcode	varchar(255)	YES		
stock_take_items	8	description	text	YES		
stock_take_items	9	category	varchar(255)	YES		
stock_take_items	10	category_id	varchar(255)	YES		
stock_take_items	11	classification	varchar(255)	YES		
stock_take_items	12	classification_id	varchar(255)	YES		
stock_take_items	13	sub_class	varchar(255)	YES		
stock_take_items	14	sub_class_id	varchar(255)	YES		
stock_take_items	15	brand	varchar(255)	YES		
stock_take_items	16	brand_id	varchar(255)	YES		
stock_take_items	17	model	varchar(255)	YES		
stock_take_items	18	model_id	varchar(255)	YES		
stock_take_items	19	conversion	double	YES		
stock_take_items	20	unit	text	YES		
stock_take_items	21	barcodes	varchar(255)	YES		
stock_take_items	22	main_barcode	varchar(255)	YES		
stock_take_items	23	qty	double	YES		
stock_take_items	24	cost	double	YES		
stock_take_items	25	selling_price	double	YES		
stock_take_items	26	branch	varchar(255)	YES		
stock_take_items	27	branch_id	varchar(255)	YES		
stock_take_items	28	location	varchar(255)	YES		
stock_take_items	29	location_id	varchar(255)	YES		
stock_transfer	1	id	int(11)	NO	PRI	auto_increment
stock_transfer	2	receipt_no	varchar(500)	YES		
stock_transfer	3	user_name	varchar(500)	YES		
stock_transfer	4	session_no	varchar(500)	YES		
stock_transfer	5	date_added	datetime	YES		
stock_transfer	6	supplier	varchar(500)	YES		
stock_transfer	7	supllier_id	varchar(500)	YES		
stock_transfer	8	remarks	varchar(500)	YES		
stock_transfers	1	id	int(11)	NO	PRI	auto_increment
stock_transfers	2	transaction_no	varchar(100)	YES		
stock_transfers	3	user_name	varchar(100)	YES		
stock_transfers	4	date_added	datetime	YES		
stock_transfers	5	remarks	varchar(100)	YES		
stock_transfers	6	to_branch	varchar(100)	YES		
stock_transfers	7	to_branch_id	varchar(100)	YES		
stock_transfers	8	to_location	varchar(100)	YES		
stock_transfers	9	to_location_id	varchar(100)	YES		
stock_transfers	10	from_branch	varchar(100)	YES		
stock_transfers	11	from_branch_id	varchar(100)	YES		
stock_transfers	12	from_location	varchar(100)	YES		
stock_transfers	13	from_location_id	varchar(100)	YES		
stock_transfers	14	status	int(11)	YES		
stock_transfers	15	at_branch	varchar(255)	YES		
stock_transfers	16	at_branch_id	varchar(255)	YES		
stock_transfers	17	at_location	varchar(255)	YES		
stock_transfers	18	at_location_id	varchar(255)	YES		
stock_transfers	19	is_uploaded	int(11)	YES		
stock_transfers	20	finalized_by_id	varchar(255)	YES		
stock_transfers	21	finalized_by	varchar(255)	YES		
stock_transfers	22	service_id	int(11)	YES		
stock_transfers	23	service_trans_no	varchar(255)	YES		
stock_transfers	24	service_slip_no	varchar(255)	YES		
stock_transfers	25	service_by_id	int(11)	YES		
stock_transfers	26	service_by_name	varchar(255)	YES		
stock_transfers_items	1	id	int(11)	NO	PRI	auto_increment
stock_transfers_items	2	barcode	varchar(500)	YES		
stock_transfers_items	3	description	varchar(500)	YES		
stock_transfers_items	4	generic_name	varchar(500)	YES		
stock_transfers_items	5	category	varchar(500)	YES		
stock_transfers_items	6	category_id	varchar(500)	YES		
stock_transfers_items	7	classification	varchar(500)	YES		
stock_transfers_items	8	classification_id	varchar(500)	YES		
stock_transfers_items	9	sub_classification	varchar(500)	YES		
stock_transfers_items	10	sub_classification_id	varchar(500)	YES		
stock_transfers_items	11	product_qty	double	YES		
stock_transfers_items	12	unit	text	YES		
stock_transfers_items	13	conversion	double	YES		
stock_transfers_items	14	selling_price	double	YES		
stock_transfers_items	15	date_added	datetime	YES		
stock_transfers_items	16	user_name	varchar(500)	YES		
stock_transfers_items	17	item_type	varchar(500)	YES		
stock_transfers_items	18	status	int(11)	YES		
stock_transfers_items	19	supplier	varchar(500)	YES		
stock_transfers_items	20	fixed_price	int(11)	YES		
stock_transfers_items	21	cost	double	YES		
stock_transfers_items	22	supplier_id	varchar(500)	YES		
stock_transfers_items	23	multi_level_pricing	int(11)	YES		
stock_transfers_items	24	vatable	int(11)	YES		
stock_transfers_items	25	reorder_level	double	YES		
stock_transfers_items	26	markup	double	YES		
stock_transfers_items	27	barcodes	varchar(500)	YES		
stock_transfers_items	28	brand	varchar(500)	YES		
stock_transfers_items	29	brand_id	varchar(500)	YES		
stock_transfers_items	30	model	varchar(500)	YES		
stock_transfers_items	31	model_id	varchar(500)	YES		
stock_transfers_items	32	selling_type	int(11)	YES		
stock_transfers_items	33	branch	varchar(500)	YES		
stock_transfers_items	34	branch_code	varchar(500)	YES		
stock_transfers_items	35	location	varchar(500)	YES		
stock_transfers_items	36	location_id	varchar(500)	YES		
stock_transfers_items	37	stock_transfer_id	varchar(100)	YES		
stock_transfers_items	38	serial_no	varchar(5000)	YES		
stock_transfers_items	39	to_branch	varchar(100)	YES		
stock_transfers_items	40	to_branch_id	varchar(100)	YES		
stock_transfers_items	41	to_location	varchar(100)	YES		
stock_transfers_items	42	to_location_id	varchar(100)	YES		
stock_transfers_items	43	at_branch	varchar(255)	YES		
stock_transfers_items	44	at_branch_id	varchar(255)	YES		
stock_transfers_items	45	at_location	varchar(255)	YES		
stock_transfers_items	46	at_location_id	varchar(255)	YES		
stock_transfers_items	47	is_uploaded	int(11)	YES		
stock_transfers_items	48	finalized_by_id	varchar(255)	YES		
stock_transfers_items	49	finalized_by	varchar(255)	YES		
stock_transfers_items	50	service_id	int(11)	YES		
stock_transfers_items	51	service_trans_no	varchar(255)	YES		
stock_transfers_items	52	service_slip_no	varchar(255)	YES		
stock_transfers_items	53	service_by_id	int(11)	YES		
stock_transfers_items	54	service_by_name	varchar(255)	YES		
stock_transfer_items	1	id	int(11)	NO	PRI	auto_increment
stock_transfer_items	2	receipt_no	varchar(500)	YES		
stock_transfer_items	3	user_name	varchar(500)	YES		
stock_transfer_items	4	session_no	varchar(500)	YES		
stock_transfer_items	5	date_added	datetime	YES		
stock_transfer_items	6	supplier	varchar(500)	YES		
stock_transfer_items	7	supllier_id	varchar(500)	YES		
stock_transfer_items	8	remarks	varchar(500)	YES		
stock_transfer_items	9	barcode	varchar(500)	YES		
stock_transfer_items	10	description	varchar(500)	YES		
stock_transfer_items	11	qty	double	YES		
stock_transfer_items	12	cost	double	YES		
stock_transfer_items	13	category	varchar(500)	YES		
stock_transfer_items	14	category_id	varchar(500)	YES		
stock_transfer_items	15	classification	varchar(500)	YES		
stock_transfer_items	16	classification_id	varchar(500)	YES		
stock_transfer_items	17	sub_class	varchar(500)	YES		
stock_transfer_items	18	sub_class_id	varchar(500)	YES		
stock_transfer_privileges	1	id	int(11)	NO	PRI	auto_increment
stock_transfer_privileges	2	user_id	varchar(255)	YES		
stock_transfer_privileges	3	user_screen_name	varchar(255)	YES		
stock_transfer_privileges	4	from_branch	varchar(255)	YES		
stock_transfer_privileges	5	from_branch_id	varchar(255)	YES		
stock_transfer_privileges	6	from_location	varchar(255)	YES		
stock_transfer_privileges	7	from_location_id	varchar(255)	YES		
stock_transfer_privileges	8	to_branch	varchar(255)	YES		
stock_transfer_privileges	9	to_branch_id	varchar(255)	YES		
stock_transfer_privileges	10	to_location	varchar(255)	YES		
stock_transfer_privileges	11	to_location_id	varchar(255)	YES		
stock_transfer_privileges	12	add_transfer	int(11)	YES		
stock_transfer_privileges	13	edit_transfer	int(11)	YES		
stock_transfer_privileges	14	delete_transfer	int(11)	YES		
stock_transfer_privileges	15	finalize_transfer	int(11)	YES		
stock_transfer_privileges	16	report_transfer	int(11)	YES		
suppliers	1	id	int(11)	NO	PRI	auto_increment
suppliers	2	customer_name	varchar(500)	YES		
suppliers	3	customer_no	varchar(500)	YES		
suppliers	4	contact_no	varchar(500)	YES		
suppliers	5	credit_limit	double	YES		
suppliers	6	address	varchar(500)	YES		
suppliers	7	term	double	YES		
suppliers	8	location	varchar(500)	YES		
suppliers	9	balance	double	YES		
suppliers	10	discount	double	YES		
suppliers	11	branch	varchar(255)	YES		
suppliers	12	branch_id	varchar(255)	YES		
suppliers	13	location_id	varchar(255)	YES		
suppliers	14	department	varchar(255)	YES		
suppliers	15	department_id	varchar(255)	YES		
supplier_departments	1	id	int(11)	NO	PRI	auto_increment
supplier_departments	2	department	varchar(255)	YES		
supplier_departments	3	created_at	datetime	YES		
supplier_departments	4	updated_at	datetime	YES		
supplier_departments	5	created_by	varchar(255)	YES		
supplier_departments	6	updated_by	varchar(255)	YES		
synch_locations	1	id	int(11)	NO	PRI	auto_increment
synch_locations	2	inventory_counts	longblob	YES		
synch_locations	3	receipts	longblob	YES		
synch_locations	4	sales	longblob	YES		
synch_locations	5	transfers	longblob	YES		
synch_locations	6	adjustments	longblob	YES		
synch_locations	7	returned_items	longblob	YES		
synch_locations	8	charges	longblob	YES		
synch_locations	9	rmas	longblob	YES		
synch_locations	10	item_maintenances	longblob	YES		
synch_locations	11	cash_drawers	longblob	YES		
synch_locations	12	status	int(11)	YES		
synch_locations	13	date_added	datetime	YES		
synch_locations	14	user_id	varchar(255)	YES		
synch_locations	15	user_screen_name	varchar(255)	YES		
synch_locations	16	branch	varchar(255)	YES		
synch_locations	17	branch_id	varchar(255)	YES		
synch_locations	18	location	varchar(255)	YES		
synch_locations	19	location_id	varchar(255)	YES		
synch_upload_locations	1	id	int(11)	NO	PRI	auto_increment
synch_upload_locations	2	inventory_counts	longblob	YES		
synch_upload_locations	3	receipts	longblob	YES		
synch_upload_locations	4	sales	longblob	YES		
synch_upload_locations	5	transfers	longblob	YES		
synch_upload_locations	6	adjustments	longblob	YES		
synch_upload_locations	7	returned_items	longblob	YES		
synch_upload_locations	8	charges	longblob	YES		
synch_upload_locations	9	rmas	longblob	YES		
synch_upload_locations	10	item_maintenances	longblob	YES		
synch_upload_locations	11	cash_drawers	longblob	YES		
synch_upload_locations	12	status	int(11)	YES		
synch_upload_locations	13	date_added	datetime	YES		
synch_upload_locations	14	user_id	varchar(255)	YES		
synch_upload_locations	15	user_screen_name	varchar(255)	YES		
synch_upload_locations	16	branch	varchar(255)	YES		
synch_upload_locations	17	branch_id	varchar(255)	YES		
synch_upload_locations	18	location	varchar(255)	YES		
synch_upload_locations	19	location_id	varchar(255)	YES		
terminals	1	id	int(11)	NO	PRI	auto_increment
terminals	2	terminal	varchar(255)	YES		
terminals	3	ip_address	varchar(255)	YES		
terminals	4	branch	varchar(255)	YES		
terminals	5	branch_id	varchar(255)	YES		
terminals	6	location	varchar(255)	YES		
terminals	7	location_id	varchar(255)	YES		
terminals	8	created_at	datetime	YES		
terminals	9	updated_at	datetime	YES		
terminals	10	created_by	varchar(255)	YES		
terminals	11	updated_by	varchar(255)	YES		
terminals	12	status	int(11)	YES		
terms	1	id	int(11)	NO	PRI	auto_increment
terms	2	term_from	int(11)	YES		
terms	3	term_to	int(11)	YES		
uom	1	id	int(11)	NO	PRI	auto_increment
uom	2	unit	varchar(100)	YES		
users	1	id	int(11)	NO	PRI	auto_increment
users	2	screen_name	varchar(100)	YES		
users	3	user_name	varchar(100)	YES		
users	4	password	varchar(100)	YES		
users	5	user_level	int(11)	YES		
users	6	date_added	varchar(100)	YES		
users	7	is_active	int(11)	YES		
users	8	t_sales	varchar(100)	YES		
users	9	t_receipts	varchar(100)	YES		
users	10	t_stock_transfer	varchar(100)	YES		
users	11	m_items	varchar(100)	YES		
users	12	m_category	varchar(100)	YES		
users	13	m_users	varchar(100)	YES		
users	14	m_uom	varchar(100)	YES		
users	15	m_suppliers	varchar(100)	YES		
users	16	r_sales	varchar(100)	YES		
users	17	r_cash_count	varchar(100)	YES		
users	18	r_receipts	varchar(100)	YES		
users	19	r_stock_transferred	varchar(100)	YES		
users	20	r_stock_take	varchar(100)	YES		
users	21	m_customers	varchar(100)	YES		
users	22	m_discount	varchar(100)	YES		
users	23	m_banks	varchar(100)	YES		
users	24	r_stock_left_supplier	varchar(100)	YES		
users	25	t_inventory_adjuster	varchar(100)	YES		
users	26	t_salesman	varchar(100)	YES		
users	27	branch	varchar(255)	YES		
users	28	branch_id	varchar(255)	YES		
users	29	location	varchar(255)	YES		
users	30	location_id	varchar(255)	YES		
user_default_previleges	1	id	int(11)	NO	PRI	auto_increment
user_default_previleges	2	account	varchar(100)	YES		
user_default_previleges	3	name	varchar(100)	YES		
user_default_previlege_others	1	id	int(11)	NO	PRI	auto_increment
user_default_previlege_others	2	account	varchar(255)	YES		
user_default_previlege_others	3	account_name	varchar(255)	YES		
user_default_previlege_others	4	name	varchar(255)	YES		
user_logs	1	id	int(11)	NO	PRI	auto_increment
user_logs	2	user_id	varchar(255)	YES		
user_logs	3	user_screen_name	varchar(255)	YES		
user_logs	4	ip_address	varchar(255)	YES		
user_logs	5	created_at	datetime	YES		
user_logs	6	updated_at	datetime	YES		
user_logs	7	created_by	varchar(255)	YES		
user_logs	8	updated_by	varchar(255)	YES		
user_previleges	1	id	int(11)	NO	PRI	auto_increment
user_previleges	2	account	varchar(100)	YES		
user_previleges	3	previledge	varchar(100)	YES		
user_previleges	4	status	int(11)	YES		
user_previleges	5	user_id	varchar(100)	YES		
user_previleges	6	user_name	varchar(100)	YES		
user_previlege_others	1	id	int(11)	NO	PRI	auto_increment
user_previlege_others	2	account	varchar(255)	YES		
user_previlege_others	3	account_name	varchar(255)	YES		
user_previlege_others	4	name	varchar(255)	YES		
user_previlege_others	5	user_id	varchar(255)	YES		
user_previlege_others	6	user_name	varchar(255)	YES		
user_price_change_requests	1	id	int(11)	NO	PRI	auto_increment
user_price_change_requests	2	user_id	varchar(255)	YES		
user_price_change_requests	3	user_name	varchar(255)	YES		
user_price_change_requests	4	created_at	datetime	YES		
user_price_change_requests	5	updated_at	datetime	YES		
user_price_change_requests	6	item_code	varchar(255)	YES		
user_price_change_requests	7	description	varchar(255)	YES		
user_price_change_requests	8	unit	varchar(255)	YES		
user_price_change_requests	9	selling_price	double	YES		
user_price_change_requests	10	status	int(11)	YES		
user_price_change_request_logs	1	id	int(11)	NO	PRI	auto_increment
user_price_change_request_logs	2	user_id	varchar(255)	YES		
user_price_change_request_logs	3	user_name	varchar(255)	YES		
user_price_change_request_logs	4	created_at	datetime	YES		
user_price_change_request_logs	5	updated_at	datetime	YES		
user_price_change_request_logs	6	item_code	varchar(255)	YES		
user_price_change_request_logs	7	description	varchar(255)	YES		
user_price_change_request_logs	8	old_unit	varchar(255)	YES		
user_price_change_request_logs	9	new_unit	varchar(255)	YES		
user_price_change_request_logs	10	old_price	double	YES		
user_price_change_request_logs	11	new_price	double	YES		
user_price_change_request_logs	12	status	int(11)	YES		
voids	1	id	int(11)	NO	PRI	auto_increment
voids	2	void_no	varchar(100)	YES		
voids	3	date_added	varchar(500)	YES		
voids	4	user_name	varchar(500)	YES		
voids	5	session_no	varchar(500)	YES		
voids	6	gross_amount	double	YES		
voids	7	amount_paid	double	YES		
voids	8	amount_due	double	YES		
voids	9	discount_name	varchar(500)	YES		
voids	10	discount	double	YES		
voids	11	discount_amount	double	YES		
voids	12	customer_name	varchar(500)	YES		
voids	13	check_bank	varchar(500)	YES		
voids	14	check_no	varchar(500)	YES		
voids	15	check_amount	double	YES		
voids	16	discount_customer_name	varchar(500)	YES		
voids	17	discount_customer_id	varchar(500)	YES		
voids	18	status	int(11)	YES		
voids	19	or_no	varchar(500)	YES		
voids	20	check_holder	varchar(500)	YES		
voids	21	services	varchar(500)	YES		
voids	22	service_amount	double	YES		
void_items	1	id	int(11)	NO	PRI	auto_increment
void_items	2	barcode	varchar(500)	YES		
void_items	3	description	varchar(500)	YES		
void_items	4	generic_name	varchar(500)	YES		
void_items	5	category	varchar(500)	YES		
void_items	6	category_id	varchar(500)	YES		
void_items	7	classification	varchar(500)	YES		
void_items	8	classification_id	varchar(500)	YES		
void_items	9	sub_classification	varchar(500)	YES		
void_items	10	sub_classification_id	varchar(500)	YES		
void_items	11	product_qty	double	YES		
void_items	12	unit	varchar(500)	YES		
void_items	13	conversion	double	YES		
void_items	14	selling_price	double	YES		
void_items	15	date_added	datetime	YES		
void_items	16	user_name	varchar(500)	YES		
void_items	17	item_type	varchar(500)	YES		
void_items	18	status	int(11)	YES		
void_items	19	session_no	varchar(500)	YES		
void_items	20	item_discount	varchar(500)	YES		
void_items	21	discount	double	YES		
void_items	22	discount_amount	double	YES		
void_items	23	void_no	varchar(100)	YES		
void_items	24	fixed_price	int(11)	YES		
void_items	25	supplier	varchar(500)	YES		
void_items	26	supplier_id	varchar(500)	YES		
void_items	27	vatable	int(11)	YES		
void_items	28	or_no	varchar(500)	YES		
warranties	1	id	int(11)	NO	PRI	auto_increment
warranties	2	transaction_no	varchar(255)	YES		
warranties	3	slip_no	varchar(255)	YES		
warranties	4	remarks	varchar(255)	YES		
warranties	5	supplier	varchar(255)	YES		
warranties	6	supplier_id	varchar(255)	YES		
warranties	7	status	int(11)	YES		
warranties	8	created_at	datetime	YES		
warranties	9	created_by	varchar(255)	YES		
warranties	10	branch	varchar(255)	YES		
warranties	11	branch_id	varchar(255)	YES		
warranties	12	location	varchar(255)	YES		
warranties	13	location_id	varchar(255)	YES		
warranty_items	1	id	int(11)	NO	PRI	auto_increment
warranty_items	2	transaction_no	varchar(255)	YES		
warranty_items	3	remarks	varchar(255)	YES		
warranty_items	4	trans_type	varchar(255)	YES		
warranty_items	5	supplier	varchar(255)	YES		
warranty_items	6	supplier_id	varchar(255)	YES		
warranty_items	7	barcode	varchar(255)	YES		
warranty_items	8	description	text	YES		
warranty_items	9	qty	double	YES		
warranty_items	10	cost	double	YES		
warranty_items	11	selling_price	double	YES		
warranty_items	12	category	varchar(255)	YES		
warranty_items	13	category_id	varchar(255)	YES		
warranty_items	14	classification	varchar(255)	YES		
warranty_items	15	classification_id	varchar(255)	YES		
warranty_items	16	sub_class	varchar(255)	YES		
warranty_items	17	sub_class_id	varchar(255)	YES		
warranty_items	18	conversion	double	YES		
warranty_items	19	unit	varchar(255)	YES		
warranty_items	20	warranty_date	date	YES		
warranty_items	21	serial_no	text	YES		
warranty_items	22	main_barcode	varchar(255)	YES		
warranty_items	23	brand	varchar(255)	YES		
warranty_items	24	brand_id	varchar(255)	YES		
warranty_items	25	model	varchar(255)	YES		
warranty_items	26	model_id	varchar(255)	YES		
warranty_items	27	status	int(11)	YES		
warranty_items	28	created_at	datetime	YES		
warranty_items	29	created_by	varchar(255)	YES		
warranty_items	30	branch	varchar(255)	YES		
warranty_items	31	branch_id	varchar(255)	YES		
warranty_items	32	location	varchar(255)	YES		
warranty_items	33	location_id	varchar(255)	YES		
witholding_tax	1	id	int(11)	NO	PRI	auto_increment
witholding_tax	2	sector	varchar(100)	YES		
witholding_tax	3	rate	double	YES		
